"source","relation","target","properties"
"1","founded_by","480","{""id"":544,""type"":""founded_by"",""start"":1,""end"":480,""properties"":{}}"
"1","founded_by","2","{""id"":545,""type"":""founded_by"",""start"":1,""end"":2,""properties"":{""notes"":""""}}"
"2","employer","480","{""id"":200,""type"":""employer"",""start"":2,""end"":480,""properties"":{}}"
"2","position_held","4","{""id"":550,""type"":""position_held"",""start"":2,""end"":4,""properties"":{""notes"":""""}}"
"5","field_of_work","249","{""id"":78,""type"":""field_of_work"",""start"":5,""end"":249,""properties"":{}}"
"5","collaborated_with","45","{""id"":28,""type"":""collaborated_with"",""start"":5,""end"":45,""properties"":{}}"
"5","author","44","{""id"":27,""type"":""author"",""start"":5,""end"":44,""properties"":{}}"
"5","employer","480","{""id"":19,""type"":""employer"",""start"":5,""end"":480,""properties"":{}}"
"7","located_in","331","{""id"":552,""type"":""located_in"",""start"":7,""end"":331,""properties"":{}}"
"7","instance_of","9","{""id"":551,""type"":""instance_of"",""start"":7,""end"":9,""properties"":{}}"
"8","located_in","331","{""id"":554,""type"":""located_in"",""start"":8,""end"":331,""properties"":{}}"
"9","facet_of","467","{""id"":556,""type"":""facet_of"",""start"":9,""end"":467,""properties"":{}}"
"10","employer","62","{""id"":202,""type"":""employer"",""start"":10,""end"":62,""properties"":{}}"
"10","employer","480","{""id"":203,""type"":""employer"",""start"":10,""end"":480,""properties"":{}}"
"10","employer","525","{""id"":201,""type"":""employer"",""start"":10,""end"":525,""properties"":{}}"
"10","developer","414","{""id"":71,""type"":""developer"",""start"":10,""end"":414,""properties"":{}}"
"10","collaborated_with","420","{""id"":557,""type"":""collaborated_with"",""start"":10,""end"":420,""properties"":{}}"
"10","participant","29","{""id"":563,""type"":""participant"",""start"":10,""end"":29,""properties"":{}}"
"10","developer","67","{""id"":561,""type"":""developer"",""start"":10,""end"":67,""properties"":{}}"
"10","studies","414","{""id"":558,""type"":""studies"",""start"":10,""end"":414,""properties"":{}}"
"10","has_part","114","{""id"":564,""type"":""has_part"",""start"":10,""end"":114,""properties"":{}}"
"10","field_of_work","249","{""id"":565,""type"":""field_of_work"",""start"":10,""end"":249,""properties"":{}}"
"10","member_of","99","{""id"":560,""type"":""member_of"",""start"":10,""end"":99,""properties"":{}}"
"10","studies","425","{""id"":559,""type"":""studies"",""start"":10,""end"":425,""properties"":{}}"
"10","studies","467","{""id"":562,""type"":""studies"",""start"":10,""end"":467,""properties"":{}}"
"11","field_of_work","94","{""id"":567,""type"":""field_of_work"",""start"":11,""end"":94,""properties"":{}}"
"12","employer","62","{""id"":204,""type"":""employer"",""start"":12,""end"":62,""properties"":{}}"
"12","studies","63","{""id"":40,""type"":""studies"",""start"":12,""end"":63,""properties"":{}}"
"12","studies","158","{""id"":44,""type"":""studies"",""start"":12,""end"":158,""properties"":{}}"
"12","position_held","145","{""id"":569,""type"":""position_held"",""start"":12,""end"":145,""properties"":{""notes"":""""}}"
"13","point_in_time","220","{""id"":274,""type"":""point_in_time"",""start"":13,""end"":220,""properties"":{}}"
"13","located_in","368","{""id"":570,""type"":""located_in"",""start"":13,""end"":368,""properties"":{}}"
"14","founded_by","36","{""id"":571,""type"":""founded_by"",""start"":14,""end"":36,""properties"":{""start_date"":""1980s""}}"
"15","position_held","496","{""id"":261,""type"":""position_held"",""start"":15,""end"":496,""properties"":{}}"
"15","collaborated_with","151","{""id"":573,""type"":""collaborated_with"",""start"":15,""end"":151,""properties"":{}}"
"16","employer","313","{""id"":23,""type"":""employer"",""start"":16,""end"":313,""properties"":{}}"
"16","author","309","{""id"":299,""type"":""author"",""start"":16,""end"":309,""properties"":{}}"
"16","employer","107","{""id"":205,""type"":""employer"",""start"":16,""end"":107,""properties"":{}}"
"16","author","116","{""id"":150,""type"":""author"",""start"":16,""end"":116,""properties"":{}}"
"16","member_of","503","{""id"":80,""type"":""member_of"",""start"":16,""end"":503,""properties"":{}}"
"16","main_subject","116","{""id"":575,""type"":""main_subject"",""start"":16,""end"":116,""properties"":{""notes"":""""}}"
"16","member_of","81","{""id"":574,""type"":""member_of"",""start"":16,""end"":81,""properties"":{}}"
"18","founded_by","20","{""id"":576,""type"":""founded_by"",""start"":18,""end"":20,""properties"":{""notes"":""""}}"
"20","developer","414","{""id"":72,""type"":""developer"",""start"":20,""end"":414,""properties"":{}}"
"20","studies","380","{""id"":47,""type"":""studies"",""start"":20,""end"":380,""properties"":{}}"
"20","participant","29","{""id"":580,""type"":""participant"",""start"":20,""end"":29,""properties"":{}}"
"20","studies","15","{""id"":581,""type"":""studies"",""start"":20,""end"":15,""properties"":{}}"
"20","founded_by","101","{""id"":579,""type"":""founded_by"",""start"":20,""end"":101,""properties"":{}}"
"20","participant","501","{""id"":582,""type"":""participant"",""start"":20,""end"":501,""properties"":{""notes"":""""}}"
"21","founded_by","211","{""id"":583,""type"":""founded_by"",""start"":21,""end"":211,""properties"":{}}"
"23","has_part","35","{""id"":584,""type"":""has_part"",""start"":23,""end"":35,""properties"":{}}"
"23","subsidiary","419","{""id"":585,""type"":""subsidiary"",""start"":23,""end"":419,""properties"":{}}"
"25","located_in","27","{""id"":20,""type"":""located_in"",""start"":25,""end"":27,""properties"":{}}"
"25","participant","501","{""id"":587,""type"":""participant"",""start"":25,""end"":501,""properties"":{""notes"":""""}}"
"26","facet_of","35","{""id"":590,""type"":""facet_of"",""start"":26,""end"":35,""properties"":{}}"
"26","located_in","407","{""id"":589,""type"":""located_in"",""start"":26,""end"":407,""properties"":{}}"
"29","point_in_time","30","{""id"":594,""type"":""point_in_time"",""start"":29,""end"":30,""properties"":{}}"
"31","follows","46","{""id"":597,""type"":""follows"",""start"":31,""end"":46,""properties"":{}}"
"31","main_subject","47","{""id"":596,""type"":""main_subject"",""start"":31,""end"":47,""properties"":{}}"
"31","main_subject","467","{""id"":595,""type"":""main_subject"",""start"":31,""end"":467,""properties"":{}}"
"32","employer","480","{""id"":206,""type"":""employer"",""start"":32,""end"":480,""properties"":{}}"
"32","collaborated_with","10","{""id"":599,""type"":""collaborated_with"",""start"":32,""end"":10,""properties"":{}}"
"32","has_part","31","{""id"":600,""type"":""has_part"",""start"":32,""end"":31,""properties"":{}}"
"34","also_known_as","409","{""id"":605,""type"":""also_known_as"",""start"":34,""end"":409,""properties"":{}}"
"34","studies","210","{""id"":604,""type"":""studies"",""start"":34,""end"":210,""properties"":{}}"
"34","instance_of","497","{""id"":607,""type"":""instance_of"",""start"":34,""end"":497,""properties"":{}}"
"34","collaborated_with","71","{""id"":606,""type"":""collaborated_with"",""start"":34,""end"":71,""properties"":{}}"
"34","field_of_work","135","{""id"":602,""type"":""field_of_work"",""start"":34,""end"":135,""properties"":{}}"
"34","part_of","405","{""id"":601,""type"":""part_of"",""start"":34,""end"":405,""properties"":{}}"
"35","located_in","349","{""id"":608,""type"":""located_in"",""start"":35,""end"":349,""properties"":{}}"
"37","position_held","148","{""id"":268,""type"":""position_held"",""start"":37,""end"":148,""properties"":{}}"
"37","studies","151","{""id"":42,""type"":""studies"",""start"":37,""end"":151,""properties"":{}}"
"37","studies","138","{""id"":41,""type"":""studies"",""start"":37,""end"":138,""properties"":{}}"
"37","studies","55","{""id"":36,""type"":""studies"",""start"":37,""end"":55,""properties"":{}}"
"37","studies","12","{""id"":34,""type"":""studies"",""start"":37,""end"":12,""properties"":{}}"
"37","studies","57","{""id"":37,""type"":""studies"",""start"":37,""end"":57,""properties"":{}}"
"37","author","189","{""id"":610,""type"":""author"",""start"":37,""end"":189,""properties"":{}}"
"37","collaborated_with","38","{""id"":613,""type"":""collaborated_with"",""start"":37,""end"":38,""properties"":{}}"
"37","collaborated_with","133","{""id"":612,""type"":""collaborated_with"",""start"":37,""end"":133,""properties"":{}}"
"38","author","132","{""id"":155,""type"":""author"",""start"":38,""end"":132,""properties"":{}}"
"38","collaborated_with","133","{""id"":614,""type"":""collaborated_with"",""start"":38,""end"":133,""properties"":{}}"
"40","member_of","36","{""id"":615,""type"":""member_of"",""start"":40,""end"":36,""properties"":{}}"
"41","facet_of","136","{""id"":118,""type"":""facet_of"",""start"":41,""end"":136,""properties"":{}}"
"41","member_of","36","{""id"":616,""type"":""member_of"",""start"":41,""end"":36,""properties"":{}}"
"42","member_of","36","{""id"":617,""type"":""member_of"",""start"":42,""end"":36,""properties"":{}}"
"43","member_of","36","{""id"":618,""type"":""member_of"",""start"":43,""end"":36,""properties"":{}}"
"45","studies","182","{""id"":33,""type"":""studies"",""start"":45,""end"":182,""properties"":{}}"
"45","collaborated_with","70","{""id"":31,""type"":""collaborated_with"",""start"":45,""end"":70,""properties"":{""notes"":""Michael used information from Steve to write his book.""}}"
"45","author","51","{""id"":29,""type"":""author"",""start"":45,""end"":51,""properties"":{}}"
"46","member_of","50","{""id"":623,""type"":""member_of"",""start"":46,""end"":50,""properties"":{}}"
"46","collaborated_with","115","{""id"":622,""type"":""collaborated_with"",""start"":46,""end"":115,""properties"":{}}"
"46","field_of_work","467","{""id"":624,""type"":""field_of_work"",""start"":46,""end"":467,""properties"":{}}"
"48","part_of","325","{""id"":625,""type"":""part_of"",""start"":48,""end"":325,""properties"":{}}"
"53","employer","31","{""id"":207,""type"":""employer"",""start"":53,""end"":31,""properties"":{}}"
"53","part_of","481","{""id"":629,""type"":""part_of"",""start"":53,""end"":481,""properties"":{}}"
"53","member_of","114","{""id"":628,""type"":""member_of"",""start"":53,""end"":114,""properties"":{}}"
"56","collaborated_with","67","{""id"":632,""type"":""collaborated_with"",""start"":56,""end"":67,""properties"":{}}"
"57","employer","188","{""id"":209,""type"":""employer"",""start"":57,""end"":188,""properties"":{}}"
"57","employer","77","{""id"":210,""type"":""employer"",""start"":57,""end"":77,""properties"":{}}"
"57","employer","175","{""id"":208,""type"":""employer"",""start"":57,""end"":175,""properties"":{}}"
"57","member_of","191","{""id"":635,""type"":""member_of"",""start"":57,""end"":191,""properties"":{""notes"":""1982-1989""}}"
"57","position_held","184","{""id"":636,""type"":""position_held"",""start"":57,""end"":184,""properties"":{}}"
"57","collaborated_with","151","{""id"":633,""type"":""collaborated_with"",""start"":57,""end"":151,""properties"":{}}"
"58","employer","60","{""id"":211,""type"":""employer"",""start"":58,""end"":60,""properties"":{}}"
"58","position_held","59","{""id"":10,""type"":""position_held"",""start"":58,""end"":59,""properties"":{}}"
"60","subsidiary","480","{""id"":639,""type"":""subsidiary"",""start"":60,""end"":480,""properties"":{}}"
"61","employer","480","{""id"":212,""type"":""employer"",""start"":61,""end"":480,""properties"":{}}"
"61","position_held","59","{""id"":11,""type"":""position_held"",""start"":61,""end"":59,""properties"":{}}"
"62","studies","159","{""id"":45,""type"":""studies"",""start"":62,""end"":159,""properties"":{}}"
"62","founded_by","153","{""id"":647,""type"":""founded_by"",""start"":62,""end"":153,""properties"":{}}"
"62","collaborated_with","272","{""id"":643,""type"":""collaborated_with"",""start"":62,""end"":272,""properties"":{}}"
"62","collaborated_with","419","{""id"":644,""type"":""collaborated_with"",""start"":62,""end"":419,""properties"":{}}"
"62","field_of_work","253","{""id"":645,""type"":""field_of_work"",""start"":62,""end"":253,""properties"":{}}"
"62","has_part","264","{""id"":646,""type"":""has_part"",""start"":62,""end"":264,""properties"":{}}"
"65","located_in","407","{""id"":654,""type"":""located_in"",""start"":65,""end"":407,""properties"":{}}"
"66","studies","158","{""id"":43,""type"":""studies"",""start"":66,""end"":158,""properties"":{}}"
"67","point_in_time","119","{""id"":272,""type"":""point_in_time"",""start"":67,""end"":119,""properties"":{}}"
"67","main_subject","467","{""id"":656,""type"":""main_subject"",""start"":67,""end"":467,""properties"":{}}"
"67","founded_by","411","{""id"":659,""type"":""founded_by"",""start"":67,""end"":411,""properties"":{}}"
"67","founded_by","10","{""id"":658,""type"":""founded_by"",""start"":67,""end"":10,""properties"":{}}"
"67","studies","47","{""id"":657,""type"":""studies"",""start"":67,""end"":47,""properties"":{}}"
"67","studies","425","{""id"":655,""type"":""studies"",""start"":67,""end"":425,""properties"":{}}"
"70","studies","182","{""id"":63,""type"":""studies"",""start"":70,""end"":182,""properties"":{""notes"":""studied psycological work that was going on in russia""}}"
"70","facet_of","51","{""id"":32,""type"":""facet_of"",""start"":70,""end"":51,""properties"":{}}"
"73","has_part","74","{""id"":661,""type"":""has_part"",""start"":73,""end"":74,""properties"":{""type"":""has part""}}"
"73","has_part","83","{""id"":662,""type"":""has_part"",""start"":73,""end"":83,""properties"":{""type"":""has part""}}"
"73","has_part","84","{""id"":663,""type"":""has_part"",""start"":73,""end"":84,""properties"":{""type"":""has part""}}"
"74","has_part","319","{""id"":664,""type"":""has_part"",""start"":74,""end"":319,""properties"":{}}"
"75","position_held","289","{""id"":267,""type"":""position_held"",""start"":75,""end"":289,""properties"":{}}"
"75","employer","207","{""id"":213,""type"":""employer"",""start"":75,""end"":207,""properties"":{}}"
"75","employer","462","{""id"":214,""type"":""employer"",""start"":75,""end"":462,""properties"":{}}"
"75","developer","196","{""id"":123,""type"":""developer"",""start"":75,""end"":196,""properties"":{}}"
"75","has_part","143","{""id"":62,""type"":""has_part"",""start"":75,""end"":143,""properties"":{}}"
"76","collaborated_with","404","{""id"":667,""type"":""collaborated_with"",""start"":76,""end"":404,""properties"":{}}"
"76","has_part","405","{""id"":666,""type"":""has_part"",""start"":76,""end"":405,""properties"":{}}"
"78","developer","256","{""id"":280,""type"":""developer"",""start"":78,""end"":256,""properties"":{}}"
"78","employer","416","{""id"":215,""type"":""employer"",""start"":78,""end"":416,""properties"":{}}"
"81","subsidiary","435","{""id"":101,""type"":""subsidiary"",""start"":81,""end"":435,""properties"":{}}"
"81","founded_by","78","{""id"":671,""type"":""founded_by"",""start"":81,""end"":78,""properties"":{}}"
"81","subsidiary","435","{""id"":673,""type"":""subsidiary"",""start"":81,""end"":435,""properties"":{""notes"":""""}}"
"82","instance_of","217","{""id"":674,""type"":""instance_of"",""start"":82,""end"":217,""properties"":{}}"
"85","point_in_time","86","{""id"":675,""type"":""point_in_time"",""start"":85,""end"":86,""properties"":{""notes"":""""}}"
"89","field_of_work","249","{""id"":75,""type"":""field_of_work"",""start"":89,""end"":249,""properties"":{}}"
"89","author","44","{""id"":73,""type"":""author"",""start"":89,""end"":44,""properties"":{}}"
"90","employer","308","{""id"":81,""type"":""employer"",""start"":90,""end"":308,""properties"":{}}"
"90","employer","92","{""id"":79,""type"":""employer"",""start"":90,""end"":92,""properties"":{}}"
"90","employer","290","{""id"":26,""type"":""employer"",""start"":90,""end"":290,""properties"":{}}"
"93","founded_by","90","{""id"":89,""type"":""founded_by"",""start"":93,""end"":90,""properties"":{}}"
"94","instance_of","194","{""id"":681,""type"":""instance_of"",""start"":94,""end"":194,""properties"":{}}"
"96","author","136","{""id"":117,""type"":""author"",""start"":96,""end"":136,""properties"":{}}"
"96","employer","319","{""id"":94,""type"":""employer"",""start"":96,""end"":319,""properties"":{""end_date"":""1950"",""notes"":""https://www.ttbrown.com/forum/download/file.php?id=8&sid=7e90c6e244abf13e9e268f626831d3ff&mode=view"",""start_date"":""1940""}}"
"96","employer","108","{""id"":92,""type"":""employer"",""start"":96,""end"":108,""properties"":{""notes"":""https://www.ttbrown.com/forum/download/file.php?id=8&sid=7e90c6e244abf13e9e268f626831d3ff&mode=view""}}"
"97","employer","308","{""id"":217,""type"":""employer"",""start"":97,""end"":308,""properties"":{}}"
"97","field_of_work","100","{""id"":684,""type"":""field_of_work"",""start"":97,""end"":100,""properties"":{}}"
"97","collaborated_with","411","{""id"":683,""type"":""collaborated_with"",""start"":97,""end"":411,""properties"":{}}"
"97","member_of","305","{""id"":687,""type"":""member_of"",""start"":97,""end"":305,""properties"":{}}"
"97","developer","264","{""id"":685,""type"":""developer"",""start"":97,""end"":264,""properties"":{}}"
"98","founded_by","211","{""id"":688,""type"":""founded_by"",""start"":98,""end"":211,""properties"":{}}"
"99","studies","36","{""id"":113,""type"":""studies"",""start"":99,""end"":36,""properties"":{}}"
"99","studies","419","{""id"":48,""type"":""studies"",""start"":99,""end"":419,""properties"":{}}"
"99","studies","159","{""id"":691,""type"":""studies"",""start"":99,""end"":159,""properties"":{}}"
"99","point_in_time","250","{""id"":690,""type"":""point_in_time"",""start"":99,""end"":250,""properties"":{}}"
"99","studies","203","{""id"":696,""type"":""studies"",""start"":99,""end"":203,""properties"":{}}"
"99","studies","151","{""id"":695,""type"":""studies"",""start"":99,""end"":151,""properties"":{}}"
"99","founded_by","415","{""id"":698,""type"":""founded_by"",""start"":99,""end"":415,""properties"":{}}"
"99","founded_by","97","{""id"":697,""type"":""founded_by"",""start"":99,""end"":97,""properties"":{}}"
"99","follows","1","{""id"":693,""type"":""follows"",""start"":99,""end"":1,""properties"":{}}"
"99","studies","467","{""id"":689,""type"":""studies"",""start"":99,""end"":467,""properties"":{}}"
"99","also_known_as","72","{""id"":694,""type"":""also_known_as"",""start"":99,""end"":72,""properties"":{}}"
"102","has_part","104","{""id"":700,""type"":""has_part"",""start"":102,""end"":104,""properties"":{""notes"":""""}}"
"102","field_of_work","103","{""id"":699,""type"":""field_of_work"",""start"":102,""end"":103,""properties"":{""notes"":""""}}"
"102","has_part","106","{""id"":701,""type"":""has_part"",""start"":102,""end"":106,""properties"":{""notes"":""""}}"
"104","part_of","105","{""id"":703,""type"":""part_of"",""start"":104,""end"":105,""properties"":{""notes"":""""}}"
"104","part_of","102","{""id"":702,""type"":""part_of"",""start"":104,""end"":102,""properties"":{""notes"":""""}}"
"106","part_of","102","{""id"":704,""type"":""part_of"",""start"":106,""end"":102,""properties"":{""notes"":""""}}"
"107","founded_by","115","{""id"":709,""type"":""founded_by"",""start"":107,""end"":115,""properties"":{}}"
"107","has_part","420","{""id"":706,""type"":""has_part"",""start"":107,""end"":420,""properties"":{}}"
"107","author","417","{""id"":705,""type"":""author"",""start"":107,""end"":417,""properties"":{}}"
"107","follows","449","{""id"":708,""type"":""follows"",""start"":107,""end"":449,""properties"":{}}"
"108","located_in","505","{""id"":93,""type"":""located_in"",""start"":108,""end"":505,""properties"":{}}"
"111","has_part","129","{""id"":116,""type"":""has_part"",""start"":111,""end"":129,""properties"":{}}"
"111","field_of_work","194","{""id"":108,""type"":""field_of_work"",""start"":111,""end"":194,""properties"":{}}"
"113","employer","123","{""id"":218,""type"":""employer"",""start"":113,""end"":123,""properties"":{}}"
"114","follows","50","{""id"":64,""type"":""follows"",""start"":114,""end"":50,""properties"":{}}"
"114","follows","405","{""id"":68,""type"":""follows"",""start"":114,""end"":405,""properties"":{}}"
"114","subsidiary","34","{""id"":714,""type"":""subsidiary"",""start"":114,""end"":34,""properties"":{}}"
"115","employer","449","{""id"":288,""type"":""employer"",""start"":115,""end"":449,""properties"":{}}"
"115","author","261","{""id"":285,""type"":""author"",""start"":115,""end"":261,""properties"":{}}"
"115","has_part","256","{""id"":278,""type"":""has_part"",""start"":115,""end"":256,""properties"":{}}"
"115","employer","124","{""id"":219,""type"":""employer"",""start"":115,""end"":124,""properties"":{}}"
"115","author","263","{""id"":140,""type"":""author"",""start"":115,""end"":263,""properties"":{}}"
"115","has_part","210","{""id"":722,""type"":""has_part"",""start"":115,""end"":210,""properties"":{}}"
"115","collaborated_with","492","{""id"":715,""type"":""collaborated_with"",""start"":115,""end"":492,""properties"":{}}"
"115","collaborated_with","32","{""id"":719,""type"":""collaborated_with"",""start"":115,""end"":32,""properties"":{}}"
"115","has_part","31","{""id"":720,""type"":""has_part"",""start"":115,""end"":31,""properties"":{}}"
"115","developer","451","{""id"":724,""type"":""developer"",""start"":115,""end"":451,""properties"":{}}"
"115","member_of","81","{""id"":723,""type"":""member_of"",""start"":115,""end"":81,""properties"":{}}"
"115","member_of","99","{""id"":718,""type"":""member_of"",""start"":115,""end"":99,""properties"":{}}"
"115","has_part","114","{""id"":725,""type"":""has_part"",""start"":115,""end"":114,""properties"":{}}"
"115","member_of","410","{""id"":717,""type"":""member_of"",""start"":115,""end"":410,""properties"":{}}"
"115","field_of_work","467","{""id"":721,""type"":""field_of_work"",""start"":115,""end"":467,""properties"":{}}"
"116","main_subject","117","{""id"":728,""type"":""main_subject"",""start"":116,""end"":117,""properties"":{""notes"":""""}}"
"116","point_in_time","28","{""id"":726,""type"":""point_in_time"",""start"":116,""end"":28,""properties"":{""notes"":""""}}"
"118","founded_by","20","{""id"":729,""type"":""founded_by"",""start"":118,""end"":20,""properties"":{""notes"":""""}}"
"121","subsidiary","462","{""id"":731,""type"":""subsidiary"",""start"":121,""end"":462,""properties"":{}}"
"122","has_part","72","{""id"":732,""type"":""has_part"",""start"":122,""end"":72,""properties"":{}}"
"123","field_of_work","506","{""id"":86,""type"":""field_of_work"",""start"":123,""end"":506,""properties"":{}}"
"123","field_of_work","504","{""id"":85,""type"":""field_of_work"",""start"":123,""end"":504,""properties"":{}}"
"124","has_part","143","{""id"":60,""type"":""has_part"",""start"":124,""end"":143,""properties"":{}}"
"124","subsidiary","410","{""id"":735,""type"":""subsidiary"",""start"":124,""end"":410,""properties"":{}}"
"124","field_of_work","467","{""id"":733,""type"":""field_of_work"",""start"":124,""end"":467,""properties"":{}}"
"125","located_in","126","{""id"":736,""type"":""located_in"",""start"":125,""end"":126,""properties"":{""notes"":""""}}"
"128","author","129","{""id"":109,""type"":""author"",""start"":128,""end"":129,""properties"":{}}"
"130","facet_of","136","{""id"":120,""type"":""facet_of"",""start"":130,""end"":136,""properties"":{}}"
"130","located_in","110","{""id"":119,""type"":""located_in"",""start"":130,""end"":110,""properties"":{}}"
"133","position_held","148","{""id"":270,""type"":""position_held"",""start"":133,""end"":148,""properties"":{}}"
"133","author","132","{""id"":156,""type"":""author"",""start"":133,""end"":132,""properties"":{}}"
"133","author","185","{""id"":160,""type"":""author"",""start"":133,""end"":185,""properties"":{}}"
"133","author","157","{""id"":158,""type"":""author"",""start"":133,""end"":157,""properties"":{}}"
"133","author","169","{""id"":159,""type"":""author"",""start"":133,""end"":169,""properties"":{}}"
"133","author","227","{""id"":745,""type"":""author"",""start"":133,""end"":227,""properties"":{}}"
"137","located_in","306","{""id"":747,""type"":""located_in"",""start"":137,""end"":306,""properties"":{""notes"":""""}}"
"137","located_in","68","{""id"":748,""type"":""located_in"",""start"":137,""end"":68,""properties"":{""notes"":""""}}"
"138","developer","307","{""id"":750,""type"":""developer"",""start"":138,""end"":307,""properties"":{}}"
"138","studies","253","{""id"":752,""type"":""studies"",""start"":138,""end"":253,""properties"":{}}"
"138","subsidiary","319","{""id"":754,""type"":""subsidiary"",""start"":138,""end"":319,""properties"":{}}"
"138","developer","252","{""id"":749,""type"":""developer"",""start"":138,""end"":252,""properties"":{}}"
"138","located_in","68","{""id"":753,""type"":""located_in"",""start"":138,""end"":68,""properties"":{}}"
"140","member_of","36","{""id"":124,""type"":""member_of"",""start"":140,""end"":36,""properties"":{""notes"":""https://web.archive.org/web/20190404035956/http://www.presidentialufo.com/old_site/dr__eric_walker.htm""}}"
"140","member_of","130","{""id"":121,""type"":""member_of"",""start"":140,""end"":130,""properties"":{""notes"":""https://web.archive.org/web/20190327090023/http://www.presidentialufo.com/old_site/smith_sarbacher.htm\n\nhttps://www.reddit.com/r/UFOs/comments/vphr9r/the_president_of_penn_state_university_dr_eric/""}}"
"142","instance_of","194","{""id"":21,""type"":""instance_of"",""start"":142,""end"":194,""properties"":{}}"
"143","main_subject","467","{""id"":61,""type"":""main_subject"",""start"":143,""end"":467,""properties"":{}}"
"143","developer","480","{""id"":57,""type"":""developer"",""start"":143,""end"":480,""properties"":{}}"
"143","facet_of","114","{""id"":54,""type"":""facet_of"",""start"":143,""end"":114,""properties"":{}}"
"143","developer","404","{""id"":53,""type"":""developer"",""start"":143,""end"":404,""properties"":{}}"
"144","founded_by","462","{""id"":131,""type"":""founded_by"",""start"":144,""end"":462,""properties"":{}}"
"144","subsidiary","167","{""id"":125,""type"":""subsidiary"",""start"":144,""end"":167,""properties"":{}}"
"145","studies","63","{""id"":38,""type"":""studies"",""start"":145,""end"":63,""properties"":{}}"
"150","employer","299","{""id"":220,""type"":""employer"",""start"":150,""end"":299,""properties"":{}}"
"150","member_of","161","{""id"":104,""type"":""member_of"",""start"":150,""end"":161,""properties"":{}}"
"151","employer","71","{""id"":222,""type"":""employer"",""start"":151,""end"":71,""properties"":{}}"
"151","employer","112","{""id"":221,""type"":""employer"",""start"":151,""end"":112,""properties"":{}}"
"151","member_of","36","{""id"":95,""type"":""member_of"",""start"":151,""end"":36,""properties"":{}}"
"151","has_part","36","{""id"":114,""type"":""has_part"",""start"":151,""end"":36,""properties"":{}}"
"151","position_held","87","{""id"":77,""type"":""position_held"",""start"":151,""end"":87,""properties"":{""end_date"":""1981"",""start_date"":""1977""}}"
"151","studies","63","{""id"":39,""type"":""studies"",""start"":151,""end"":63,""properties"":{}}"
"151","collaborated_with","12","{""id"":761,""type"":""collaborated_with"",""start"":151,""end"":12,""properties"":{}}"
"151","conflict","37","{""id"":759,""type"":""conflict"",""start"":151,""end"":37,""properties"":{""notes"":""Since the recorded phone call, Ineman tries to  discredit Bob""}}"
"151","member_of","34","{""id"":757,""type"":""member_of"",""start"":151,""end"":34,""properties"":{}}"
"151","collaborated_with","57","{""id"":760,""type"":""collaborated_with"",""start"":151,""end"":57,""properties"":{}}"
"153","employer","62","{""id"":223,""type"":""employer"",""start"":153,""end"":62,""properties"":{}}"
"154","participant","501","{""id"":765,""type"":""participant"",""start"":154,""end"":501,""properties"":{""notes"":""""}}"
"155","instance_of","417","{""id"":284,""type"":""instance_of"",""start"":155,""end"":417,""properties"":{}}"
"156","facet_of","204","{""id"":767,""type"":""facet_of"",""start"":156,""end"":204,""properties"":{}}"
"162","located_in","182","{""id"":773,""type"":""located_in"",""start"":162,""end"":182,""properties"":{}}"
"162","instance_of","302","{""id"":772,""type"":""instance_of"",""start"":162,""end"":302,""properties"":{}}"
"163","author","296","{""id"":774,""type"":""author"",""start"":163,""end"":296,""properties"":{}}"
"164","has_part","156","{""id"":775,""type"":""has_part"",""start"":164,""end"":156,""properties"":{}}"
"170","position_held","289","{""id"":266,""type"":""position_held"",""start"":170,""end"":289,""properties"":{}}"
"170","employer","207","{""id"":224,""type"":""employer"",""start"":170,""end"":207,""properties"":{}}"
"170","employer","171","{""id"":228,""type"":""employer"",""start"":170,""end"":171,""properties"":{}}"
"170","employer","462","{""id"":225,""type"":""employer"",""start"":170,""end"":462,""properties"":{}}"
"170","employer","190","{""id"":226,""type"":""employer"",""start"":170,""end"":190,""properties"":{}}"
"170","employer","34","{""id"":227,""type"":""employer"",""start"":170,""end"":34,""properties"":{}}"
"170","collaborated_with","75","{""id"":115,""type"":""collaborated_with"",""start"":170,""end"":75,""properties"":{}}"
"172","point_in_time","173","{""id"":273,""type"":""point_in_time"",""start"":172,""end"":173,""properties"":{}}"
"172","located_in","407","{""id"":779,""type"":""located_in"",""start"":172,""end"":407,""properties"":{}}"
"175","founded_by","188","{""id"":1,""type"":""founded_by"",""start"":175,""end"":188,""properties"":{}}"
"176","located_in","177","{""id"":13,""type"":""located_in"",""start"":176,""end"":177,""properties"":{}}"
"178","located_in","177","{""id"":14,""type"":""located_in"",""start"":178,""end"":177,""properties"":{}}"
"179","located_in","177","{""id"":15,""type"":""located_in"",""start"":179,""end"":177,""properties"":{}}"
"181","has_part","156","{""id"":787,""type"":""has_part"",""start"":181,""end"":156,""properties"":{}}"
"183","member_of","244","{""id"":154,""type"":""member_of"",""start"":183,""end"":244,""properties"":{}}"
"183","founded_by","2","{""id"":153,""type"":""founded_by"",""start"":183,""end"":2,""properties"":{}}"
"184","instance_of","188","{""id"":789,""type"":""instance_of"",""start"":184,""end"":188,""properties"":{}}"
"187","has_part","99","{""id"":25,""type"":""has_part"",""start"":187,""end"":99,""properties"":{""notes"":""He states he only went to the first meeting. http://stargate007.blogspot.com/2007/05/cias-ron-pandolfi-on-ufo-working-group.html""}}"
"187","employer","188","{""id"":230,""type"":""employer"",""start"":187,""end"":188,""properties"":{}}"
"187","employer","281","{""id"":229,""type"":""employer"",""start"":187,""end"":281,""properties"":{}}"
"187","has_part","283","{""id"":149,""type"":""has_part"",""start"":187,""end"":283,""properties"":{}}"
"187","field_of_work","280","{""id"":146,""type"":""field_of_work"",""start"":187,""end"":280,""properties"":{}}"
"187","collaborated_with","270","{""id"":143,""type"":""collaborated_with"",""start"":187,""end"":270,""properties"":{""notes"":""September 2000""}}"
"187","member_of","269","{""id"":142,""type"":""member_of"",""start"":187,""end"":269,""properties"":{""notes"":""in this file https://web.archive.org/web/20101128134606/http://www.starpod.org/MP3/RON%20PANDOLFI.mp3\n\nhe said he was in first meeting then left.""}}"
"187","field_of_work","268","{""id"":141,""type"":""field_of_work"",""start"":187,""end"":268,""properties"":{""notes"":""https://www.washingtonpost.com/wp-srv/politics/special/campfin/stories/satellite120598.htm""}}"
"187","position_held","184","{""id"":792,""type"":""position_held"",""start"":187,""end"":184,""properties"":{}}"
"187","follows","420","{""id"":791,""type"":""follows"",""start"":187,""end"":420,""properties"":{}}"
"187","collaborated_with","151","{""id"":793,""type"":""collaborated_with"",""start"":187,""end"":151,""properties"":{""notes"":""Ron investigated inman after his meeting with bob oechsler""}}"
"187","collaborated_with","57","{""id"":794,""type"":""collaborated_with"",""start"":187,""end"":57,""properties"":{""notes"":""Ron investigated Hineman after his meeting with bob oechsler""}}"
"188","subsidiary","257","{""id"":103,""type"":""subsidiary"",""start"":188,""end"":257,""properties"":{}}"
"188","part_of","143","{""id"":122,""type"":""part_of"",""start"":188,""end"":143,""properties"":{}}"
"188","subsidiary","519","{""id"":102,""type"":""subsidiary"",""start"":188,""end"":519,""properties"":{}}"
"188","subsidiary","304","{""id"":99,""type"":""subsidiary"",""start"":188,""end"":304,""properties"":{}}"
"188","subsidiary","174","{""id"":96,""type"":""subsidiary"",""start"":188,""end"":174,""properties"":{}}"
"188","developer","22","{""id"":76,""type"":""developer"",""start"":188,""end"":22,""properties"":{}}"
"188","has_part","410","{""id"":797,""type"":""has_part"",""start"":188,""end"":410,""properties"":{}}"
"191","founded_by","188","{""id"":3,""type"":""founded_by"",""start"":191,""end"":188,""properties"":{}}"
"191","founded_by","175","{""id"":2,""type"":""founded_by"",""start"":191,""end"":175,""properties"":{}}"
"191","facet_of","146","{""id"":801,""type"":""facet_of"",""start"":191,""end"":146,""properties"":{}}"
"191","main_subject","152","{""id"":800,""type"":""main_subject"",""start"":191,""end"":152,""properties"":{}}"
"193","founded_by","211","{""id"":112,""type"":""founded_by"",""start"":193,""end"":211,""properties"":{}}"
"193","collaborated_with","213","{""id"":111,""type"":""collaborated_with"",""start"":193,""end"":213,""properties"":{}}"
"193","studies","198","{""id"":110,""type"":""studies"",""start"":193,""end"":198,""properties"":{}}"
"194","has_part","172","{""id"":804,""type"":""has_part"",""start"":194,""end"":172,""properties"":{}}"
"195","facet_of","99","{""id"":805,""type"":""facet_of"",""start"":195,""end"":99,""properties"":{}}"
"199","has_part","472","{""id"":806,""type"":""has_part"",""start"":199,""end"":472,""properties"":{}}"
"201","position_held","289","{""id"":265,""type"":""position_held"",""start"":201,""end"":289,""properties"":{}}"
"201","employer","23","{""id"":231,""type"":""employer"",""start"":201,""end"":23,""properties"":{}}"
"201","employer","26","{""id"":232,""type"":""employer"",""start"":201,""end"":26,""properties"":{}}"
"201","collaborated_with","75","{""id"":127,""type"":""collaborated_with"",""start"":201,""end"":75,""properties"":{}}"
"203","employer","205","{""id"":233,""type"":""employer"",""start"":203,""end"":205,""properties"":{}}"
"206","instance_of","225","{""id"":812,""type"":""instance_of"",""start"":206,""end"":225,""properties"":{}}"
"207","developer","472","{""id"":279,""type"":""developer"",""start"":207,""end"":472,""properties"":{}}"
"207","studies","283","{""id"":148,""type"":""studies"",""start"":207,""end"":283,""properties"":{}}"
"207","developer","143","{""id"":56,""type"":""developer"",""start"":207,""end"":143,""properties"":{}}"
"209","author","208","{""id"":161,""type"":""author"",""start"":209,""end"":208,""properties"":{}}"
"210","main_subject","82","{""id"":814,""type"":""main_subject"",""start"":210,""end"":82,""properties"":{}}"
"210","founded_by","212","{""id"":815,""type"":""founded_by"",""start"":210,""end"":212,""properties"":{}}"
"211","subsidiary","212","{""id"":820,""type"":""subsidiary"",""start"":211,""end"":212,""properties"":{""notes"":""""}}"
"211","has_part","377","{""id"":818,""type"":""has_part"",""start"":211,""end"":377,""properties"":{}}"
"211","has_part","13","{""id"":819,""type"":""has_part"",""start"":211,""end"":13,""properties"":{}}"
"214","developer","88","{""id"":128,""type"":""developer"",""start"":214,""end"":88,""properties"":{}}"
"214","facet_of","14","{""id"":59,""type"":""facet_of"",""start"":214,""end"":14,""properties"":{}}"
"215","position_held","127","{""id"":263,""type"":""position_held"",""start"":215,""end"":127,""properties"":{}}"
"215","employer","26","{""id"":234,""type"":""employer"",""start"":215,""end"":26,""properties"":{}}"
"215","studies","82","{""id"":823,""type"":""studies"",""start"":215,""end"":82,""properties"":{}}"
"215","has_part","210","{""id"":822,""type"":""has_part"",""start"":215,""end"":210,""properties"":{}}"
"216","position_held","127","{""id"":262,""type"":""position_held"",""start"":216,""end"":127,""properties"":{}}"
"216","employer","34","{""id"":235,""type"":""employer"",""start"":216,""end"":34,""properties"":{}}"
"216","collaborated_with","215","{""id"":824,""type"":""collaborated_with"",""start"":216,""end"":215,""properties"":{}}"
"218","developer","114","{""id"":826,""type"":""developer"",""start"":218,""end"":114,""properties"":{}}"
"223","position_held","148","{""id"":269,""type"":""position_held"",""start"":223,""end"":148,""properties"":{}}"
"223","employer","71","{""id"":236,""type"":""employer"",""start"":223,""end"":71,""properties"":{}}"
"223","member_of","99","{""id"":832,""type"":""member_of"",""start"":223,""end"":99,""properties"":{}}"
"223","field_of_work","425","{""id"":835,""type"":""field_of_work"",""start"":223,""end"":425,""properties"":{""notes"":""""}}"
"224","developer","206","{""id"":836,""type"":""developer"",""start"":224,""end"":206,""properties"":{}}"
"225","instance_of","194","{""id"":837,""type"":""instance_of"",""start"":225,""end"":194,""properties"":{}}"
"226","position_held","229","{""id"":130,""type"":""position_held"",""start"":226,""end"":229,""properties"":{}}"
"226","member_of","88","{""id"":129,""type"":""member_of"",""start"":226,""end"":88,""properties"":{}}"
"228","follows","227","{""id"":66,""type"":""follows"",""start"":228,""end"":227,""properties"":{}}"
"234","followed","259","{""id"":22,""type"":""followed"",""start"":234,""end"":259,""properties"":{}}"
"234","part_of","240","{""id"":12,""type"":""part_of"",""start"":234,""end"":240,""properties"":{}}"
"234","employer","188","{""id"":237,""type"":""employer"",""start"":234,""end"":188,""properties"":{}}"
"234","collaborated_with","88","{""id"":133,""type"":""collaborated_with"",""start"":234,""end"":88,""properties"":{}}"
"234","position_held","239","{""id"":132,""type"":""position_held"",""start"":234,""end"":239,""properties"":{""end_date"":""1961"",""start_date"":""1953""}}"
"238","employer","188","{""id"":238,""type"":""employer"",""start"":238,""end"":188,""properties"":{}}"
"238","position_held","241","{""id"":844,""type"":""position_held"",""start"":238,""end"":241,""properties"":{""notes"":""""}}"
"249","facet_of","204","{""id"":845,""type"":""facet_of"",""start"":249,""end"":204,""properties"":{}}"
"249","instance_of","467","{""id"":847,""type"":""instance_of"",""start"":249,""end"":467,""properties"":{}}"
"249","facet_of","156","{""id"":846,""type"":""facet_of"",""start"":249,""end"":156,""properties"":{}}"
"251","position_held","289","{""id"":264,""type"":""position_held"",""start"":251,""end"":289,""properties"":{}}"
"251","employer","26","{""id"":239,""type"":""employer"",""start"":251,""end"":26,""properties"":{}}"
"251","collaborated_with","16","{""id"":851,""type"":""collaborated_with"",""start"":251,""end"":16,""properties"":{""notes"":""vouched for ED when Wilson asked""}}"
"251","collaborated_with","215","{""id"":850,""type"":""collaborated_with"",""start"":251,""end"":215,""properties"":{}}"
"251","author","48","{""id"":849,""type"":""author"",""start"":251,""end"":48,""properties"":{}}"
"251","member_of","99","{""id"":848,""type"":""member_of"",""start"":251,""end"":99,""properties"":{}}"
"252","instance_of","253","{""id"":853,""type"":""instance_of"",""start"":252,""end"":253,""properties"":{""notes"":""""}}"
"252","located_in","137","{""id"":852,""type"":""located_in"",""start"":252,""end"":137,""properties"":{}}"
"254","point_in_time","255","{""id"":856,""type"":""point_in_time"",""start"":254,""end"":255,""properties"":{""notes"":""""}}"
"254","instance_of","253","{""id"":855,""type"":""instance_of"",""start"":254,""end"":253,""properties"":{}}"
"254","instance_of","276","{""id"":854,""type"":""instance_of"",""start"":254,""end"":276,""properties"":{}}"
"256","has_part","472","{""id"":282,""type"":""has_part"",""start"":256,""end"":472,""properties"":{}}"
"256","studies","435","{""id"":281,""type"":""studies"",""start"":256,""end"":435,""properties"":{}}"
"256","founded_by","78","{""id"":277,""type"":""founded_by"",""start"":256,""end"":78,""properties"":{}}"
"257","employer","111","{""id"":105,""type"":""employer"",""start"":257,""end"":111,""properties"":{}}"
"257","founded_by","234","{""id"":276,""type"":""founded_by"",""start"":257,""end"":234,""properties"":{}}"
"260","located_in","407","{""id"":858,""type"":""located_in"",""start"":260,""end"":407,""properties"":{}}"
"261","instance_of","417","{""id"":286,""type"":""instance_of"",""start"":261,""end"":417,""properties"":{}}"
"264","developer","265","{""id"":5,""type"":""developer"",""start"":264,""end"":265,""properties"":{}}"
"264","instance_of","253","{""id"":859,""type"":""instance_of"",""start"":264,""end"":253,""properties"":{}}"
"265","follows","312","{""id"":303,""type"":""follows"",""start"":265,""end"":312,""properties"":{}}"
"265","follows","290","{""id"":301,""type"":""follows"",""start"":265,""end"":290,""properties"":{}}"
"266","employer","314","{""id"":308,""type"":""employer"",""start"":266,""end"":314,""properties"":{""start_date"":""1997""}}"
"266","employer","313","{""id"":306,""type"":""employer"",""start"":266,""end"":313,""properties"":{""start_date"":""1997""}}"
"266","author","309","{""id"":298,""type"":""author"",""start"":266,""end"":309,""properties"":{}}"
"266","author","300","{""id"":297,""type"":""author"",""start"":266,""end"":300,""properties"":{}}"
"266","author","292","{""id"":296,""type"":""author"",""start"":266,""end"":292,""properties"":{}}"
"266","employer","290","{""id"":295,""type"":""employer"",""start"":266,""end"":290,""properties"":{}}"
"266","field_of_work","280","{""id"":294,""type"":""field_of_work"",""start"":266,""end"":280,""properties"":{}}"
"266","employer","288","{""id"":293,""type"":""employer"",""start"":266,""end"":288,""properties"":{""end_date"":""1971"",""start_date"":""1964""}}"
"266","employer","267","{""id"":292,""type"":""employer"",""start"":266,""end"":267,""properties"":{""end_date"":""1964"",""start_date"":""1961""}}"
"266","employer","211","{""id"":290,""type"":""employer"",""start"":266,""end"":211,""properties"":{""end_date"":""1961"",""start_date"":""1960""}}"
"267","facet_of","308","{""id"":84,""type"":""facet_of"",""start"":267,""end"":308,""properties"":{}}"
"269","also_known_as","99","{""id"":24,""type"":""also_known_as"",""start"":269,""end"":99,""properties"":{}}"
"269","facet_of","207","{""id"":151,""type"":""facet_of"",""start"":269,""end"":207,""properties"":{}}"
"270","collaborated_with","279","{""id"":145,""type"":""collaborated_with"",""start"":270,""end"":279,""properties"":{}}"
"270","field_of_work","274","{""id"":144,""type"":""field_of_work"",""start"":270,""end"":274,""properties"":{}}"
"271","developer","272","{""id"":7,""type"":""developer"",""start"":271,""end"":272,""properties"":{}}"
"271","developer","273","{""id"":6,""type"":""developer"",""start"":271,""end"":273,""properties"":{}}"
"272","follows","265","{""id"":305,""type"":""follows"",""start"":272,""end"":265,""properties"":{}}"
"273","subsidiary","211","{""id"":864,""type"":""subsidiary"",""start"":273,""end"":211,""properties"":{}}"
"275","subsidiary","319","{""id"":100,""type"":""subsidiary"",""start"":275,""end"":319,""properties"":{}}"
"275","instance_of","497","{""id"":866,""type"":""instance_of"",""start"":275,""end"":497,""properties"":{""notes"":""""}}"
"275","founded_by","495","{""id"":865,""type"":""founded_by"",""start"":275,""end"":495,""properties"":{""notes"":""""}}"
"278","employer","319","{""id"":240,""type"":""employer"",""start"":278,""end"":319,""properties"":{}}"
"278","has_part","275","{""id"":867,""type"":""has_part"",""start"":278,""end"":275,""properties"":{}}"
"286","subsidiary","62","{""id"":91,""type"":""subsidiary"",""start"":286,""end"":62,""properties"":{}}"
"286","follows","62","{""id"":65,""type"":""follows"",""start"":286,""end"":62,""properties"":{}}"
"287","subsidiary","286","{""id"":97,""type"":""subsidiary"",""start"":287,""end"":286,""properties"":{}}"
"287","follows","286","{""id"":67,""type"":""follows"",""start"":287,""end"":286,""properties"":{}}"
"287","developer","206","{""id"":872,""type"":""developer"",""start"":287,""end"":206,""properties"":{}}"
"290","collaborated_with","312","{""id"":304,""type"":""collaborated_with"",""start"":290,""end"":312,""properties"":{}}"
"293","employer","294","{""id"":241,""type"":""employer"",""start"":293,""end"":294,""properties"":{}}"
"294","located_in","182","{""id"":877,""type"":""located_in"",""start"":294,""end"":182,""properties"":{}}"
"296","developer","492","{""id"":74,""type"":""developer"",""start"":296,""end"":492,""properties"":{}}"
"296","publication_date","297","{""id"":880,""type"":""publication_date"",""start"":296,""end"":297,""properties"":{""notes"":""""}}"
"298","part_of","299","{""id"":881,""type"":""part_of"",""start"":298,""end"":299,""properties"":{""notes"":""""}}"
"299","subsidiary","298","{""id"":98,""type"":""subsidiary"",""start"":299,""end"":298,""properties"":{}}"
"299","subsidiary","161","{""id"":90,""type"":""subsidiary"",""start"":299,""end"":161,""properties"":{}}"
"301","position_held","148","{""id"":271,""type"":""position_held"",""start"":301,""end"":148,""properties"":{}}"
"301","employer","205","{""id"":242,""type"":""employer"",""start"":301,""end"":205,""properties"":{}}"
"302","influenced_by","277","{""id"":885,""type"":""influenced_by"",""start"":302,""end"":277,""properties"":{}}"
"302","instance_of","303","{""id"":886,""type"":""instance_of"",""start"":302,""end"":303,""properties"":{""notes"":""""}}"
"303","located_in","137","{""id"":887,""type"":""located_in"",""start"":303,""end"":137,""properties"":{}}"
"304","follows","519","{""id"":70,""type"":""follows"",""start"":304,""end"":519,""properties"":{}}"
"304","field_of_work","302","{""id"":888,""type"":""field_of_work"",""start"":304,""end"":302,""properties"":{""notes"":""""}}"
"305","subsidiary","308","{""id"":891,""type"":""subsidiary"",""start"":305,""end"":308,""properties"":{}}"
"307","instance_of","253","{""id"":893,""type"":""instance_of"",""start"":307,""end"":253,""properties"":{}}"
"307","located_in","137","{""id"":892,""type"":""located_in"",""start"":307,""end"":137,""properties"":{}}"
"308","developer","206","{""id"":894,""type"":""developer"",""start"":308,""end"":206,""properties"":{}}"
"313","has_part","309","{""id"":307,""type"":""has_part"",""start"":313,""end"":309,""properties"":{}}"
"314","collaborated_with","313","{""id"":309,""type"":""collaborated_with"",""start"":314,""end"":313,""properties"":{}}"
"319","has_part","142","{""id"":46,""type"":""has_part"",""start"":319,""end"":142,""properties"":{}}"
"319","has_part","480","{""id"":898,""type"":""has_part"",""start"":319,""end"":480,""properties"":{""type"":""has part""}}"
"337","conflict","338","{""id"":906,""type"":""conflict"",""start"":337,""end"":338,""properties"":{""notes"":""""}}"
"338","point_in_time","339","{""id"":907,""type"":""point_in_time"",""start"":338,""end"":339,""properties"":{""notes"":""""}}"
"343","developer","342","{""id"":8,""type"":""developer"",""start"":343,""end"":342,""properties"":{}}"
"343","instance_of","194","{""id"":908,""type"":""instance_of"",""start"":343,""end"":194,""properties"":{}}"
"344","developer","342","{""id"":9,""type"":""developer"",""start"":344,""end"":342,""properties"":{}}"
"344","instance_of","194","{""id"":910,""type"":""instance_of"",""start"":344,""end"":194,""properties"":{}}"
"345","main_subject","35","{""id"":912,""type"":""main_subject"",""start"":345,""end"":35,""properties"":{}}"
"349","located_in","407","{""id"":914,""type"":""located_in"",""start"":349,""end"":407,""properties"":{}}"
"357","instance_of","355","{""id"":915,""type"":""instance_of"",""start"":357,""end"":355,""properties"":{""notes"":""""}}"
"361","studies","19","{""id"":35,""type"":""studies"",""start"":361,""end"":19,""properties"":{}}"
"361","participant","501","{""id"":917,""type"":""participant"",""start"":361,""end"":501,""properties"":{""notes"":""""}}"
"361","collaborated_with","16","{""id"":916,""type"":""collaborated_with"",""start"":361,""end"":16,""properties"":{}}"
"365","member_of","81","{""id"":919,""type"":""member_of"",""start"":365,""end"":81,""properties"":{}}"
"365","main_subject","116","{""id"":921,""type"":""main_subject"",""start"":365,""end"":116,""properties"":{""notes"":""""}}"
"365","collaborated_with","251","{""id"":920,""type"":""collaborated_with"",""start"":365,""end"":251,""properties"":{""notes"":""""}}"
"368","located_in","369","{""id"":922,""type"":""located_in"",""start"":368,""end"":369,""properties"":{}}"
"372","participant","13","{""id"":926,""type"":""participant"",""start"":372,""end"":13,""properties"":{}}"
"373","located_in","368","{""id"":928,""type"":""located_in"",""start"":373,""end"":368,""properties"":{""notes"":""""}}"
"375","employer","272","{""id"":243,""type"":""employer"",""start"":375,""end"":272,""properties"":{}}"
"375","member_of","99","{""id"":930,""type"":""member_of"",""start"":375,""end"":99,""properties"":{}}"
"377","located_in","378","{""id"":16,""type"":""located_in"",""start"":377,""end"":378,""properties"":{}}"
"377","point_in_time","33","{""id"":931,""type"":""point_in_time"",""start"":377,""end"":33,""properties"":{}}"
"377","participant","380","{""id"":932,""type"":""participant"",""start"":377,""end"":380,""properties"":{}}"
"380","employer","205","{""id"":244,""type"":""employer"",""start"":380,""end"":205,""properties"":{}}"
"384","located_in","65","{""id"":938,""type"":""located_in"",""start"":384,""end"":65,""properties"":{}}"
"384","point_in_time","192","{""id"":937,""type"":""point_in_time"",""start"":384,""end"":192,""properties"":{}}"
"391","participant","501","{""id"":940,""type"":""participant"",""start"":391,""end"":501,""properties"":{""notes"":""""}}"
"393","located_in","394","{""id"":17,""type"":""located_in"",""start"":393,""end"":394,""properties"":{}}"
"396","has_part","55","{""id"":942,""type"":""has_part"",""start"":396,""end"":55,""properties"":{}}"
"398","located_in","394","{""id"":18,""type"":""located_in"",""start"":398,""end"":394,""properties"":{}}"
"404","employer","124","{""id"":245,""type"":""employer"",""start"":404,""end"":124,""properties"":{}}"
"404","employer","34","{""id"":246,""type"":""employer"",""start"":404,""end"":34,""properties"":{}}"
"404","developer","114","{""id"":949,""type"":""developer"",""start"":404,""end"":114,""properties"":{}}"
"404","has_part","405","{""id"":947,""type"":""has_part"",""start"":404,""end"":405,""properties"":{}}"
"405","follows","410","{""id"":69,""type"":""follows"",""start"":405,""end"":410,""properties"":{}}"
"408","located_in","407","{""id"":953,""type"":""located_in"",""start"":408,""end"":407,""properties"":{""notes"":""""}}"
"408","located_in","401","{""id"":952,""type"":""located_in"",""start"":408,""end"":401,""properties"":{}}"
"410","founded_by","409","{""id"":4,""type"":""founded_by"",""start"":410,""end"":409,""properties"":{}}"
"410","main_subject","467","{""id"":956,""type"":""main_subject"",""start"":410,""end"":467,""properties"":{}}"
"411","participant","29","{""id"":963,""type"":""participant"",""start"":411,""end"":29,""properties"":{}}"
"411","field_of_work","467","{""id"":960,""type"":""field_of_work"",""start"":411,""end"":467,""properties"":{}}"
"411","collaborated_with","10","{""id"":962,""type"":""collaborated_with"",""start"":411,""end"":10,""properties"":{}}"
"411","has_part","31","{""id"":961,""type"":""has_part"",""start"":411,""end"":31,""properties"":{}}"
"411","studies","425","{""id"":959,""type"":""studies"",""start"":411,""end"":425,""properties"":{}}"
"413","located_in","260","{""id"":964,""type"":""located_in"",""start"":413,""end"":260,""properties"":{}}"
"413","subsidiary","211","{""id"":965,""type"":""subsidiary"",""start"":413,""end"":211,""properties"":{}}"
"415","employer","480","{""id"":247,""type"":""employer"",""start"":415,""end"":480,""properties"":{}}"
"415","employer","26","{""id"":248,""type"":""employer"",""start"":415,""end"":26,""properties"":{}}"
"415","author","139","{""id"":970,""type"":""author"",""start"":415,""end"":139,""properties"":{}}"
"415","collaborated_with","10","{""id"":972,""type"":""collaborated_with"",""start"":415,""end"":10,""properties"":{}}"
"415","participant","125","{""id"":973,""type"":""participant"",""start"":415,""end"":125,""properties"":{""notes"":""apparently, He knew of everything before story even got out""}}"
"415","collaborated_with","462","{""id"":966,""type"":""collaborated_with"",""start"":415,""end"":462,""properties"":{}}"
"415","participant","29","{""id"":968,""type"":""participant"",""start"":415,""end"":29,""properties"":{}}"
"415","member_of","525","{""id"":971,""type"":""member_of"",""start"":415,""end"":525,""properties"":{}}"
"415","member_of","527","{""id"":976,""type"":""member_of"",""start"":415,""end"":527,""properties"":{}}"
"415","field_of_work","291","{""id"":975,""type"":""field_of_work"",""start"":415,""end"":291,""properties"":{""notes"":""post retirement work @ Los Alamos""}}"
"415","member_of","81","{""id"":969,""type"":""member_of"",""start"":415,""end"":81,""properties"":{}}"
"415","field_of_work","94","{""id"":974,""type"":""field_of_work"",""start"":415,""end"":94,""properties"":{}}"
"415","member_of","121","{""id"":967,""type"":""member_of"",""start"":415,""end"":121,""properties"":{}}"
"416","main_subject","417","{""id"":979,""type"":""main_subject"",""start"":416,""end"":417,""properties"":{""notes"":""""}}"
"416","participant","431","{""id"":978,""type"":""participant"",""start"":416,""end"":431,""properties"":{""notes"":""""}}"
"419","has_part","377","{""id"":981,""type"":""has_part"",""start"":419,""end"":377,""properties"":{}}"
"420","employer","188","{""id"":249,""type"":""employer"",""start"":420,""end"":188,""properties"":{}}"
"420","author","155","{""id"":157,""type"":""author"",""start"":420,""end"":155,""properties"":{}}"
"420","developer","269","{""id"":152,""type"":""developer"",""start"":420,""end"":269,""properties"":{}}"
"420","studies","431","{""id"":49,""type"":""studies"",""start"":420,""end"":431,""properties"":{}}"
"420","has_part","114","{""id"":0,""type"":""has_part"",""start"":420,""end"":114,""properties"":{}}"
"420","studies","156","{""id"":990,""type"":""studies"",""start"":420,""end"":156,""properties"":{}}"
"420","has_part","146","{""id"":993,""type"":""has_part"",""start"":420,""end"":146,""properties"":{}}"
"420","collaborated_with","187","{""id"":985,""type"":""collaborated_with"",""start"":420,""end"":187,""properties"":{}}"
"420","studies","444","{""id"":987,""type"":""studies"",""start"":420,""end"":444,""properties"":{}}"
"420","has_part","449","{""id"":995,""type"":""has_part"",""start"":420,""end"":449,""properties"":{}}"
"420","collaborated_with","492","{""id"":984,""type"":""collaborated_with"",""start"":420,""end"":492,""properties"":{}}"
"420","main_subject","160","{""id"":989,""type"":""main_subject"",""start"":420,""end"":160,""properties"":{}}"
"420","studies","425","{""id"":991,""type"":""studies"",""start"":420,""end"":425,""properties"":{}}"
"420","has_part","99","{""id"":996,""type"":""has_part"",""start"":420,""end"":99,""properties"":{}}"
"420","collaborated_with","424","{""id"":992,""type"":""collaborated_with"",""start"":420,""end"":424,""properties"":{}}"
"420","member_of","432","{""id"":988,""type"":""member_of"",""start"":420,""end"":432,""properties"":{}}"
"420","field_of_work","9","{""id"":983,""type"":""field_of_work"",""start"":420,""end"":9,""properties"":{}}"
"420","studies","467","{""id"":986,""type"":""studies"",""start"":420,""end"":467,""properties"":{}}"
"420","collaborated_with","115","{""id"":994,""type"":""collaborated_with"",""start"":420,""end"":115,""properties"":{}}"
"420","member_of","410","{""id"":997,""type"":""member_of"",""start"":420,""end"":410,""properties"":{}}"
"421","developer","262","{""id"":289,""type"":""developer"",""start"":421,""end"":262,""properties"":{}}"
"421","employer","11","{""id"":287,""type"":""employer"",""start"":421,""end"":11,""properties"":{""end_date"":""1955"",""start_date"":""1951""}}"
"421","collaborated_with","115","{""id"":999,""type"":""collaborated_with"",""start"":421,""end"":115,""properties"":{}}"
"424","employer","71","{""id"":250,""type"":""employer"",""start"":424,""end"":71,""properties"":{}}"
"426","located_in","333","{""id"":1004,""type"":""located_in"",""start"":426,""end"":333,""properties"":{""notes"":""""}}"
"427","located_in","39","{""id"":1005,""type"":""located_in"",""start"":427,""end"":39,""properties"":{}}"
"431","employer","211","{""id"":251,""type"":""employer"",""start"":431,""end"":211,""properties"":{}}"
"431","participant","448","{""id"":1012,""type"":""participant"",""start"":431,""end"":448,""properties"":{}}"
"431","has_part","9","{""id"":1009,""type"":""has_part"",""start"":431,""end"":9,""properties"":{}}"
"431","participant","7","{""id"":1010,""type"":""participant"",""start"":431,""end"":7,""properties"":{}}"
"432","founded_by","415","{""id"":1013,""type"":""founded_by"",""start"":432,""end"":415,""properties"":{}}"
"435","has_part","442","{""id"":300,""type"":""has_part"",""start"":435,""end"":442,""properties"":{}}"
"437","studies","444","{""id"":51,""type"":""studies"",""start"":437,""end"":444,""properties"":{}}"
"437","studies","444","{""id"":1016,""type"":""studies"",""start"":437,""end"":444,""properties"":{""notes"":""""}}"
"439","studies","438","{""id"":50,""type"":""studies"",""start"":439,""end"":438,""properties"":{}}"
"442","instance_of","438","{""id"":1020,""type"":""instance_of"",""start"":442,""end"":438,""properties"":{""notes"":""""}}"
"443","main_subject","435","{""id"":1021,""type"":""main_subject"",""start"":443,""end"":435,""properties"":{""notes"":""""}}"
"447","author","448","{""id"":167,""type"":""author"",""start"":447,""end"":448,""properties"":{}}"
"447","author","446","{""id"":166,""type"":""author"",""start"":447,""end"":446,""properties"":{}}"
"448","located_in","427","{""id"":1024,""type"":""located_in"",""start"":448,""end"":427,""properties"":{}}"
"449","founded_by","421","{""id"":1026,""type"":""founded_by"",""start"":449,""end"":421,""properties"":{}}"
"451","instance_of","467","{""id"":1029,""type"":""instance_of"",""start"":451,""end"":467,""properties"":{}}"
"451","instance_of","204","{""id"":1030,""type"":""instance_of"",""start"":451,""end"":204,""properties"":{}}"
"453","employer","188","{""id"":252,""type"":""employer"",""start"":453,""end"":188,""properties"":{}}"
"453","has_part","9","{""id"":1032,""type"":""has_part"",""start"":453,""end"":9,""properties"":{}}"
"454","founded_by","453","{""id"":1034,""type"":""founded_by"",""start"":454,""end"":453,""properties"":{""notes"":""""}}"
"461","employer","188","{""id"":253,""type"":""employer"",""start"":461,""end"":188,""properties"":{}}"
"461","collaborated_with","115","{""id"":1039,""type"":""collaborated_with"",""start"":461,""end"":115,""properties"":{}}"
"462","has_part","142","{""id"":52,""type"":""has_part"",""start"":462,""end"":142,""properties"":{}}"
"462","studies","9","{""id"":1042,""type"":""studies"",""start"":462,""end"":9,""properties"":{}}"
"462","studies","390","{""id"":1041,""type"":""studies"",""start"":462,""end"":390,""properties"":{}}"
"462","has_part","410","{""id"":1044,""type"":""has_part"",""start"":462,""end"":410,""properties"":{}}"
"462","part_of","405","{""id"":1043,""type"":""part_of"",""start"":462,""end"":405,""properties"":{}}"
"464","position_held","465","{""id"":1045,""type"":""position_held"",""start"":464,""end"":465,""properties"":{""notes"":""""}}"
"465","has_part","88","{""id"":55,""type"":""has_part"",""start"":465,""end"":88,""properties"":{}}"
"466","position_held","465","{""id"":1046,""type"":""position_held"",""start"":466,""end"":465,""properties"":{""notes"":""""}}"
"467","field_of_work","143","{""id"":58,""type"":""field_of_work"",""start"":467,""end"":143,""properties"":{}}"
"467","facet_of","156","{""id"":1047,""type"":""facet_of"",""start"":467,""end"":156,""properties"":{}}"
"471","field_of_work","9","{""id"":1049,""type"":""field_of_work"",""start"":471,""end"":9,""properties"":{}}"
"471","studies","444","{""id"":1050,""type"":""studies"",""start"":471,""end"":444,""properties"":{}}"
"471","influenced_by","420","{""id"":1051,""type"":""influenced_by"",""start"":471,""end"":420,""properties"":{""notes"":""""}}"
"472","developer","417","{""id"":283,""type"":""developer"",""start"":472,""end"":417,""properties"":{}}"
"472","facet_of","416","{""id"":1052,""type"":""facet_of"",""start"":472,""end"":416,""properties"":{}}"
"481","subsidiary","480","{""id"":1060,""type"":""subsidiary"",""start"":481,""end"":480,""properties"":{""notes"":""""}}"
"482","subsidiary","480","{""id"":1063,""type"":""subsidiary"",""start"":482,""end"":480,""properties"":{""notes"":""""}}"
"483","collaborated_with","207","{""id"":1064,""type"":""collaborated_with"",""start"":483,""end"":207,""properties"":{}}"
"483","collaborated_with","71","{""id"":1065,""type"":""collaborated_with"",""start"":483,""end"":71,""properties"":{}}"
"483","follows","410","{""id"":1066,""type"":""follows"",""start"":483,""end"":410,""properties"":{}}"
"483","subsidiary","525","{""id"":1068,""type"":""subsidiary"",""start"":483,""end"":525,""properties"":{}}"
"483","founded_by","526","{""id"":1067,""type"":""founded_by"",""start"":483,""end"":526,""properties"":{}}"
"487","facet_of","480","{""id"":1069,""type"":""facet_of"",""start"":487,""end"":480,""properties"":{""notes"":""""}}"
"492","author","345","{""id"":165,""type"":""author"",""start"":492,""end"":345,""properties"":{}}"
"492","author","228","{""id"":162,""type"":""author"",""start"":492,""end"":228,""properties"":{}}"
"492","author","72","{""id"":135,""type"":""author"",""start"":492,""end"":72,""properties"":{}}"
"492","author","91","{""id"":136,""type"":""author"",""start"":492,""end"":91,""properties"":{}}"
"492","author","523","{""id"":169,""type"":""author"",""start"":492,""end"":523,""properties"":{}}"
"492","author","321","{""id"":164,""type"":""author"",""start"":492,""end"":321,""properties"":{}}"
"492","has_part","410","{""id"":1073,""type"":""has_part"",""start"":492,""end"":410,""properties"":{}}"
"492","collaborated_with","462","{""id"":1072,""type"":""collaborated_with"",""start"":492,""end"":462,""properties"":{}}"
"493","employer","494","{""id"":254,""type"":""employer"",""start"":493,""end"":494,""properties"":{}}"
"494","founded_by","493","{""id"":1075,""type"":""founded_by"",""start"":494,""end"":493,""properties"":{""notes"":""""}}"
"495","position_held","496","{""id"":1076,""type"":""position_held"",""start"":495,""end"":496,""properties"":{""notes"":""""}}"
"501","inception_date","365","{""id"":30,""type"":""inception_date"",""start"":501,""end"":365,""properties"":{}}"
"501","point_in_time","33","{""id"":1080,""type"":""point_in_time"",""start"":501,""end"":33,""properties"":{""notes"":""""}}"
"501","main_subject","497","{""id"":1077,""type"":""main_subject"",""start"":501,""end"":497,""properties"":{""notes"":""""}}"
"501","influenced_by","18","{""id"":1079,""type"":""influenced_by"",""start"":501,""end"":18,""properties"":{""notes"":""""}}"
"504","located_in","505","{""id"":1082,""type"":""located_in"",""start"":504,""end"":505,""properties"":{""notes"":""""}}"
"506","located_in","507","{""id"":1083,""type"":""located_in"",""start"":506,""end"":507,""properties"":{""notes"":""""}}"
"507","located_in","333","{""id"":87,""type"":""located_in"",""start"":507,""end"":333,""properties"":{}}"
"508","employer","299","{""id"":255,""type"":""employer"",""start"":508,""end"":299,""properties"":{}}"
"508","member_of","304","{""id"":107,""type"":""member_of"",""start"":508,""end"":304,""properties"":{}}"
"508","member_of","180","{""id"":106,""type"":""member_of"",""start"":508,""end"":180,""properties"":{}}"
"508","collaborated_with","16","{""id"":88,""type"":""collaborated_with"",""start"":508,""end"":16,""properties"":{}}"
"508","member_of","503","{""id"":83,""type"":""member_of"",""start"":508,""end"":503,""properties"":{}}"
"511","point_in_time","109","{""id"":1085,""type"":""point_in_time"",""start"":511,""end"":109,""properties"":{""notes"":""""}}"
"513","employer","165","{""id"":256,""type"":""employer"",""start"":513,""end"":165,""properties"":{}}"
"513","employer","299","{""id"":257,""type"":""employer"",""start"":513,""end"":299,""properties"":{}}"
"513","member_of","503","{""id"":82,""type"":""member_of"",""start"":513,""end"":503,""properties"":{}}"
"517","employer","299","{""id"":258,""type"":""employer"",""start"":517,""end"":299,""properties"":{}}"
"517","position_held","518","{""id"":1087,""type"":""position_held"",""start"":517,""end"":518,""properties"":{""notes"":""""}}"
"525","subsidiary","480","{""id"":1093,""type"":""subsidiary"",""start"":525,""end"":480,""properties"":{}}"
"526","employer","482","{""id"":259,""type"":""employer"",""start"":526,""end"":482,""properties"":{}}"
"526","employer","525","{""id"":260,""type"":""employer"",""start"":526,""end"":525,""properties"":{}}"
"526","field_of_work","204","{""id"":1094,""type"":""field_of_work"",""start"":526,""end"":204,""properties"":{}}"
"526","has_part","114","{""id"":1095,""type"":""has_part"",""start"":526,""end"":114,""properties"":{}}"
"527","subsidiary","480","{""id"":1097,""type"":""subsidiary"",""start"":527,""end"":480,""properties"":{}}"
