"id","labels","properties"
"1","[""program""]","{""id"":1,""labels"":[""program""],""properties"":{""end_date"":"""",""notes"":"""",""Label"":""organization"",""name"":""Task Force Delta"",""start_date"":""""}}"
"2","[""person""]","{""id"":2,""labels"":[""person""],""properties"":{""notes"":"""",""name"":""Frank Burns"",""Label"":""person""}}"
"4","[""position""]","{""id"":4,""labels"":[""position""],""properties"":{""notes"":"""",""Label"":""position"",""name"":""Inspector General of the Army""}}"
"5","[""person""]","{""id"":5,""labels"":[""person""],""properties"":{""notes"":""Michael Aquino (1946-2019) was a U.S. Army Lt. Colonel, a scholar of political science, and a high-ranking member of the Church of Satan who later founded the Temple of Set."",""name"":""Michael Aquino""}}"
"6","[""publication""]","{""id"":6,""labels"":[""publication""],""properties"":{""notes"":""Alleged documentation detailing the formation of MJ-12"",""name"":""MJ-12 Documents""}}"
"7","[""event""]","{""id"":7,""labels"":[""event""],""properties"":{""notes"":""https://www.youtube.com/watch?v=GmxPFs40GLs&t=6186s&ab_channel=UFONewsNetworkSunday"",""name"":""Arizona baiting experiment""}}"
"8","[""place""]","{""id"":8,""labels"":[""place""],""properties"":{""name"":""Bradshaw Ranch""}}"
"9","[""concept""]","{""id"":9,""labels"":[""concept""],""properties"":{""notes"":""anything to do with the study of people who have experienced the phenomenon"",""name"":""Experiencer Study""}}"
"10","[""person""]","{""id"":10,""labels"":[""person""],""properties"":{""notes"":"""",""Label"":""person"",""name"":""Albert Stubblebine""}}"
"11","[""organization""]","{""id"":11,""labels"":[""organization""],""properties"":{""end_date"":"""",""name"":""US Navy"",""start_date"":""""}}"
"12","[""person""]","{""id"":12,""labels"":[""person""],""properties"":{""notes"":"""",""name"":""Sumner Shapiro"",""Label"":""person""}}"
"13","[""event""]","{""id"":13,""labels"":[""event""],""properties"":{""name"":""Varginha UFO Crash"",""start_date"":""1996""}}"
"14","[""person""]","{""id"":14,""labels"":[""person""],""properties"":{""notes"":""President who allegedly signed the MJ-12 executive order"",""name"":""Harry S. Truman""}}"
"15","[""person""]","{""id"":15,""labels"":[""person""],""properties"":{""name"":""Barry Goldwater""}}"
"16","[""person""]","{""id"":16,""labels"":[""person""],""properties"":{""notes"":"""",""name"":""Dr. Eric W. Davis""}}"
"17","[""organization""]","{""id"":17,""labels"":[""organization""],""properties"":{""end_date"":"""",""notes"":"""",""name"":""EGG"",""Label"":""organization"",""start_date"":""""}}"
"18","[""program""]","{""id"":18,""labels"":[""program""],""properties"":{""end_date"":"""",""notes"":"""",""Label"":""program"",""name"":""Project Starlight"",""start_date"":""""}}"
"19","[""group""]","{""id"":19,""labels"":[""group""],""properties"":{""name"":""THE CABAL SPECIAL TEAM""}}"
"20","[""person""]","{""id"":20,""labels"":[""person""],""properties"":{""notes"":"""",""name"":""Steven Greer""}}"
"21","[""program""]","{""id"":21,""labels"":[""program""],""properties"":{""end_date"":"""",""name"":""Project Grudge"",""start_date"":""""}}"
"22","[""event""]","{""id"":22,""labels"":[""event""],""properties"":{""name"":""Simulated UFO abductions""}}"
"23","[""organization""]","{""id"":23,""labels"":[""organization""],""properties"":{""end_date"":"""",""name"":""AEC Atomic Energy Commission"",""start_date"":""""}}"
"24","[""date""]","{""id"":24,""labels"":[""date""],""properties"":{""notes"":"""",""name"":""2006"",""Label"":""date""}}"
"25","[""person""]","{""id"":25,""labels"":[""person""],""properties"":{""notes"":"""",""name"":""Ed Mitchell"",""Label"":""person""}}"
"26","[""place""]","{""id"":26,""labels"":[""place""],""properties"":{""notes"":"""",""name"":""Los Alamos National Laboratory""}}"
"27","[""place""]","{""id"":27,""labels"":[""place""],""properties"":{""notes"":"""",""name"":""New York"",""Label"":""place""}}"
"28","[""date""]","{""id"":28,""labels"":[""date""],""properties"":{""notes"":"""",""name"":""2002"",""Label"":""date""}}"
"29","[""event""]","{""id"":29,""labels"":[""event""],""properties"":{""name"":""T.R.E.A.T IV Conference"",""start_date"":""1992""}}"
"30","[""date""]","{""id"":30,""labels"":[""date""],""properties"":{""name"":""1992""}}"
"31","[""program""]","{""id"":31,""labels"":[""program""],""properties"":{""end_date"":""19886"",""name"":""Project 8200"",""start_date"":""1982""}}"
"32","[""person""]","{""id"":32,""labels"":[""person""],""properties"":{""name"":""LT Skip Atwater""}}"
"33","[""date""]","{""id"":33,""labels"":[""date""],""properties"":{""notes"":"""",""name"":""1997"",""Label"":""date""}}"
"34","[""civilian_contractor""]","{""id"":34,""labels"":[""civilian_contractor""],""properties"":{""name"":""SAIC Science Applications International Corporation""}}"
"35","[""event""]","{""id"":35,""labels"":[""event""],""properties"":{""name"":""Trinity UFO Crash""}}"
"36","[""group""]","{""id"":36,""labels"":[""group""],""properties"":{""end_date"":"""",""notes"":""Alleged secret committee for UFO-related matters"",""name"":""MJ-12"",""start_date"":""1947""}}"
"37","[""person""]","{""id"":37,""labels"":[""person""],""properties"":{""name"":""Bob Oechsler""}}"
"38","[""person""]","{""id"":38,""labels"":[""person""],""properties"":{""notes"":""Peter Hill-Norton"",""name"":""Admiral Lord Hill-Norton"",""Label"":""Admiral Lord Hill-Norton""}}"
"39","[""place""]","{""id"":39,""labels"":[""place""],""properties"":{""notes"":"""",""name"":""UK"",""Label"":""place""}}"
"40","[""person""]","{""id"":40,""labels"":[""person""],""properties"":{""notes"":""First Director of Central Intelligence"",""name"":""Roscoe H. Hillenkoetter""}}"
"41","[""person""]","{""id"":41,""labels"":[""person""],""properties"":{""notes"":""Engineer and inventor, led the U.S. Office of Scientific Research and Development"",""name"":""Vannevar Bush""}}"
"42","[""person""]","{""id"":42,""labels"":[""person""],""properties"":{""notes"":""Biophysicist, President of the National Academy of Sciences"",""name"":""Detlev Bronk""}}"
"43","[""person""]","{""id"":43,""labels"":[""person""],""properties"":{""notes"":""Air Force officer, involved in the U.S. nuclear program"",""name"":""Nathan Twining""}}"
"44","[""publication""]","{""id"":44,""labels"":[""publication""],""properties"":{""notes"":""From PSYOP to MindWar: The Psychology of Victory\"" is a paper written by Colonel Paul E. Valley and Major Michael A. Aquino in 1980. The paper was drafted in response to a request by Colonel Paul Vallely, the Commander of the 7th PSYOP Group, who wanted fresh and innovative ideas for the future of psychological operations (PSYOP) within the U.S. Army. The context for this request was the aftermath of the Vietnam War, during which the U.S. Army's PSYOP doctrine had not fully emerged.\n\nThe paper advocates a shift from traditional PSYOP to what the authors call \""MindWar.\"" The authors argue that the term \""PSYOP\"" carries connotations of manipulation and deceit, which they believe should be replaced by a more straightforward approach focused on truth and mind-to-mind communication. In their view, MindWar is a state of constant psychological warfare in which all interactions between nations are considered part of a battle for the minds of the populace."",""name"":""From PSYOP to MindWar: The Psychology of Victory""}}"
"45","[""person""]","{""id"":45,""labels"":[""person""],""properties"":{""name"":""Michael Murphy""}}"
"46","[""person""]","{""id"":46,""labels"":[""person""],""properties"":{""name"":""Pat Price""}}"
"47","[""place""]","{""id"":47,""labels"":[""place""],""properties"":{""name"":""UFO Base""}}"
"48","[""publication""]","{""id"":48,""labels"":[""publication""],""properties"":{""notes"":"""",""name"":""Okes notes"",""Label"":""publication""}}"
"49","[""date""]","{""id"":49,""labels"":[""date""],""properties"":{""notes"":"""",""name"":""1980"",""Label"":""date""}}"
"50","[""program""]","{""id"":50,""labels"":[""program""],""properties"":{""name"":""Project SCANATE""}}"
"51","[""publication""]","{""id"":51,""labels"":[""publication""],""properties"":{""name"":""An End to Ordinary History""}}"
"52","[""date""]","{""id"":52,""labels"":[""date""],""properties"":{""notes"":"""",""name"":""1990"",""Label"":""date""}}"
"53","[""person""]","{""id"":53,""labels"":[""person""],""properties"":{""name"":""Joseph McMoneagle""}}"
"54","[""place""]","{""id"":54,""labels"":[""place""],""properties"":{""notes"":"""",""name"":""Virginia"",""Label"":""place""}}"
"55","[""event""]","{""id"":55,""labels"":[""event""],""properties"":{""name"":""Gulf Breeze Incident""}}"
"56","[""civilian_contractor""]","{""id"":56,""labels"":[""civilian_contractor""],""properties"":{""name"":""Alien Technology Transfer""}}"
"57","[""person""]","{""id"":57,""labels"":[""person""],""properties"":{""name"":""Everett Hineman""}}"
"58","[""person""]","{""id"":58,""labels"":[""person""],""properties"":{""notes"":"""",""name"":""William Odom"",""Label"":""person""}}"
"59","[""position""]","{""id"":59,""labels"":[""position""],""properties"":{""notes"":"""",""Label"":""position"",""name"":""Lieutenant General""}}"
"60","[""organization""]","{""id"":60,""labels"":[""organization""],""properties"":{""end_date"":"""",""notes"":"""",""Label"":""organization"",""name"":""Army Intelligence"",""start_date"":""""}}"
"61","[""person""]","{""id"":61,""labels"":[""person""],""properties"":{""notes"":"""",""name"":""Robert Moore"",""Label"":""person""}}"
"62","[""civilian_contractor""]","{""id"":62,""labels"":[""civilian_contractor""],""properties"":{""notes"":""corporation in McLean Area"",""name"":""BDM Braddock, Dunn, McDonald""}}"
"63","[""object""]","{""id"":63,""labels"":[""object""],""properties"":{""notes"":""Recovered Craft"",""name"":""Recovered Craft""}}"
"64","[""publication""]","{""id"":64,""labels"":[""publication""],""properties"":{""notes"":"""",""name"":""New Thrust"",""Label"":""publication""}}"
"65","[""place""]","{""id"":65,""labels"":[""place""],""properties"":{""notes"":"""",""name"":""Roswell"",""Label"":""place""}}"
"66","[""person""]","{""id"":66,""labels"":[""person""],""properties"":{""name"":""Bob Lazar""}}"
"67","[""organization""]","{""id"":67,""labels"":[""organization""],""properties"":{""end_date"":"""",""name"":""PSI-Tech"",""start_date"":""""}}"
"68","[""place""]","{""id"":68,""labels"":[""place""],""properties"":{""notes"":"""",""name"":""Maryland"",""Label"":""place""}}"
"69","[""date""]","{""id"":69,""labels"":[""date""],""properties"":{""notes"":""Year MJ-12 was allegedly formed"",""name"":""1947""}}"
"70","[""person""]","{""id"":70,""labels"":[""person""],""properties"":{""name"":""Steve Donovan""}}"
"71","[""organization""]","{""id"":71,""labels"":[""organization""],""properties"":{""end_date"":"""",""notes"":"""",""name"":""NSA"",""Label"":""organization"",""start_date"":""""}}"
"72","[""program""]","{""id"":72,""labels"":[""program""],""properties"":{""end_date"":"""",""notes"":"""",""name"":""Secret Onion"",""Label"":""publication"",""start_date"":""""}}"
"73","[""organization""]","{""id"":73,""labels"":[""organization""],""properties"":{""end_date"":"""",""notes"":""Federal government of the United States."",""name"":""United States"",""start_date"":""""}}"
"74","[""organization""]","{""id"":74,""labels"":[""organization""],""properties"":{""end_date"":"""",""notes"":""Branch of government responsible for implementing and enforcing laws."",""name"":""Executive Branch"",""start_date"":""""}}"
"75","[""person""]","{""id"":75,""labels"":[""person""],""properties"":{""notes"":"""",""name"":""Jack Vorona"",""Label"":""person""}}"
"76","[""person""]","{""id"":76,""labels"":[""person""],""properties"":{""notes"":"""",""name"":""Dale Graff"",""Label"":""person""}}"
"77","[""place""]","{""id"":77,""labels"":[""place""],""properties"":{""notes"":""FMSAC - Foreign Missile and Space Analysis Center"",""name"":""FMSAC - Foreign Missile and Space Analysis Center""}}"
"78","[""person""]","{""id"":78,""labels"":[""person""],""properties"":{""notes"":""Robert \""Bob\"" Bigelow"",""name"":""Bob Bigelows"",""Label"":""person""}}"
"79","[""date""]","{""id"":79,""labels"":[""date""],""properties"":{""notes"":"""",""name"":""1995"",""Label"":""date""}}"
"80","[""organization""]","{""id"":80,""labels"":[""organization""],""properties"":{""end_date"":"""",""notes"":"""",""name"":""NASA"",""Label"":""organization"",""start_date"":""""}}"
"81","[""program""]","{""id"":81,""labels"":[""program""],""properties"":{""end_date"":""2004"",""notes"":"""",""Label"":""program"",""name"":""NIDS - National Institute for Discover Science (NIDS)"",""start_date"":""1995""}}"
"82","[""concept""]","{""id"":82,""labels"":[""concept""],""properties"":{""name"":""Five Dimensional Physics""}}"
"83","[""organization""]","{""id"":83,""labels"":[""organization""],""properties"":{""end_date"":"""",""notes"":""Branch of government responsible for making laws."",""name"":""Legislative Branch"",""start_date"":""""}}"
"84","[""organization""]","{""id"":84,""labels"":[""organization""],""properties"":{""end_date"":"""",""notes"":""Branch of government responsible for interpreting laws and administering justice."",""name"":""Judicial Branch"",""start_date"":""""}}"
"85","[""event""]","{""id"":85,""labels"":[""event""],""properties"":{""notes"":"""",""name"":""Malmstrom incident"",""Label"":""event""}}"
"86","[""date""]","{""id"":86,""labels"":[""date""],""properties"":{""notes"":"""",""name"":""1999"",""Label"":""date""}}"
"87","[""position""]","{""id"":87,""labels"":[""position""],""properties"":{""notes"":""Director of NSA"",""name"":""Director of NSA"",""Label"":""Director of NSA""}}"
"88","[""group""]","{""id"":88,""labels"":[""group""],""properties"":{""end_date"":""1953-09-03"",""name"":""Psychological  Strategy Board PSB "",""start_date"":""1951-04-04""}}"
"89","[""person""]","{""id"":89,""labels"":[""person""],""properties"":{""name"":""Paul E. Valley""}}"
"90","[""person""]","{""id"":90,""labels"":[""person""],""properties"":{""notes"":""Van Tassel became an aircraft mechanic and flight inspector who at various times between 1930 and 1947 worked for Douglas Aircraft, Hughes Aircraft, and Lockheed. While at Hughes Aircraft he was their Top Flight Inspector.[2] In 1947, Van Tassel left Southern California's booming aerospace industry to live in the desert with his family. At first, he lived a simple existence in the rooms Frank Critzer had dug out under Giant Rock. Van Tassel eventually built a new home, a café, a gas station, a store, a small airstrip, and a guest ranch beside the Rock\n\nhttps://en.wikipedia.org/wiki/George_Van_Tassel  https://vault.fbi.gov/george-van-tassel/george-van-tassel-part-01-of-01/view"",""name"":""George Van Tassel""}}"
"91","[""publication""]","{""id"":91,""labels"":[""publication""],""properties"":{""notes"":"""",""Label"":""publication"",""name"":""Vallees journals""}}"
"92","[""organization""]","{""id"":92,""labels"":[""organization""],""properties"":{""name"":""Hughes Aircraft""}}"
"93","[""group""]","{""id"":93,""labels"":[""group""],""properties"":{""name"":""College of Universal Wisdom""}}"
"94","[""technology""]","{""id"":94,""labels"":[""technology""],""properties"":{""notes"":"""",""Label"":""system"",""name"":""Directed Energy Weapon""}}"
"95","[""person""]","{""id"":95,""labels"":[""person""],""properties"":{""name"":""Harold Brown""}}"
"96","[""person""]","{""id"":96,""labels"":[""person""],""properties"":{""notes"":""https://science.howstuffworks.com/space/aliens-ufos/ufo-government10.htm https://www.ttbrown.com/forum/download/file.php?id=8&sid=7e90c6e244abf13e9e268f626831d3ff&mode=view"",""name"":""Dr. Robert Sarbacher""}}"
"97","[""person""]","{""id"":97,""labels"":[""person""],""properties"":{""name"":""Lt. Col. Ron Blackburn""}}"
"98","[""program""]","{""id"":98,""labels"":[""program""],""properties"":{""end_date"":"""",""name"":""Project Sign"",""start_date"":""""}}"
"99","[""program""]","{""id"":99,""labels"":[""program""],""properties"":{""name"":""ATP Advanced Theoretical Working Group""}}"
"100","[""technology""]","{""id"":100,""labels"":[""technology""],""properties"":{""name"":""Microwave Technology""}}"
"101","[""organization""]","{""id"":101,""labels"":[""organization""],""properties"":{""end_date"":"""",""name"":""CSETI"",""start_date"":""""}}"
"102","[""group""]","{""id"":102,""labels"":[""group""],""properties"":{""notes"":"""",""name"":""Gang of Eight"",""Label"":""group""}}"
"103","[""concept""]","{""id"":103,""labels"":[""concept""],""properties"":{""notes"":"""",""name"":""legislated"",""Label"":""concept""}}"
"104","[""organization""]","{""id"":104,""labels"":[""organization""],""properties"":{""end_date"":"""",""notes"":"""",""name"":""House Appropriations and Armed Services Committees"",""Label"":""organization"",""start_date"":""""}}"
"105","[""organization""]","{""id"":105,""labels"":[""organization""],""properties"":{""end_date"":"""",""notes"":"""",""Label"":""organization"",""name"":""legislative branch"",""start_date"":""""}}"
"106","[""organization""]","{""id"":106,""labels"":[""organization""],""properties"":{""end_date"":"""",""notes"":"""",""name"":""Senate"",""Label"":""organization"",""start_date"":""""}}"
"107","[""civilian_contractor""]","{""id"":107,""labels"":[""civilian_contractor""],""properties"":{""name"":""Earth Tech International"",""start_date"":""1991""}}"
"108","[""organization""]","{""id"":108,""labels"":[""organization""],""properties"":{""notes"":""Oak Ridge Institute for Nuclear Studies"",""name"":""Oak Ridge Institute for Nuclear Studies""}}"
"109","[""date""]","{""id"":109,""labels"":[""date""],""properties"":{""notes"":"""",""name"":""2009"",""Label"":""date""}}"
"110","[""place""]","{""id"":110,""labels"":[""place""],""properties"":{""name"":""Wright Patterson AFB""}}"
"111","[""person""]","{""id"":111,""labels"":[""person""],""properties"":{""notes"":""https://www.washingtonpost.com/local/obituaries/albert-m-stone-physicist/2012/02/06/gIQAZy9LSR_story.html"",""name"":""Albert M. Stone""}}"
"112","[""organization""]","{""id"":112,""labels"":[""organization""],""properties"":{""name"":""National Underwater Reconnaissance Office NURO""}}"
"113","[""person""]","{""id"":113,""labels"":[""person""],""properties"":{""name"":""Richard Tighe""}}"
"114","[""program""]","{""id"":114,""labels"":[""program""],""properties"":{""end_date"":"""",""name"":""Stargate Project"",""start_date"":""""}}"
"115","[""person""]","{""id"":115,""labels"":[""person""],""properties"":{""name"":""Dr. Hal Puthoff""}}"
"116","[""publication""]","{""id"":116,""labels"":[""publication""],""properties"":{""notes"":""October 2002"",""Label"":""publication"",""name"":""WilsonDavis notes""}}"
"117","[""organization""]","{""id"":117,""labels"":[""organization""],""properties"":{""end_date"":"""",""notes"":"""",""Label"":""organization"",""name"":""crash retrieval program"",""start_date"":""""}}"
"118","[""organization""]","{""id"":118,""labels"":[""organization""],""properties"":{""end_date"":"""",""notes"":"""",""Label"":""organization"",""name"":""Disclosure Program"",""start_date"":""""}}"
"119","[""date""]","{""id"":119,""labels"":[""date""],""properties"":{""notes"":"""",""name"":""1989"",""Label"":""date""}}"
"120","[""date""]","{""id"":120,""labels"":[""date""],""properties"":{""notes"":"""",""name"":""2011"",""Label"":""date""}}"
"121","[""program""]","{""id"":121,""labels"":[""program""],""properties"":{""name"":""Pre-AATIP group""}}"
"122","[""publication""]","{""id"":122,""labels"":[""publication""],""properties"":{""notes"":"""",""Label"":""publication"",""name"":""Howard Blums Out There""}}"
"123","[""organization""]","{""id"":123,""labels"":[""organization""],""properties"":{""name"":""Consolidated Nuclear Security""}}"
"124","[""organization""]","{""id"":124,""labels"":[""organization""],""properties"":{""end_date"":"""",""name"":""SRI International"",""start_date"":""""}}"
"125","[""event""]","{""id"":125,""labels"":[""event""],""properties"":{""notes"":"""",""name"":""RAF Bentwaters"",""Label"":""event"",""start_date"":""1980""}}"
"126","[""place""]","{""id"":126,""labels"":[""place""],""properties"":{""notes"":"""",""name"":""England"",""Label"":""place""}}"
"127","[""position""]","{""id"":127,""labels"":[""position""],""properties"":{""name"":""Investigator/Researcher""}}"
"128","[""person""]","{""id"":128,""labels"":[""person""],""properties"":{""name"":""Willard Machle""}}"
"129","[""publication""]","{""id"":129,""labels"":[""publication""],""properties"":{""name"":""Flying Saucer Notes""}}"
"130","[""event""]","{""id"":130,""labels"":[""event""],""properties"":{""notes"":""https://web.archive.org/web/20190328181219/http://www.presidentialufo.com/old_site/sarbacher.htm\nhttp://www.noufors.com/Dr_Robert_Sarbacher.htm"",""name"":""1950 Briefings on UFO Crash Retrievals""}}"
"131","[""organization""]","{""id"":131,""labels"":[""organization""],""properties"":{""end_date"":"""",""notes"":"""",""name"":""University of Maryland Science and Technology"",""Label"":""organization"",""start_date"":""""}}"
"132","[""publication""]","{""id"":132,""labels"":[""publication""],""properties"":{""notes"":"""",""Label"":""publication"",""name"":""Above Top Secret""}}"
"133","[""person""]","{""id"":133,""labels"":[""person""],""properties"":{""notes"":"""",""name"":""Timothy Good"",""Label"":""person""}}"
"134","[""organization""]","{""id"":134,""labels"":[""organization""],""properties"":{""end_date"":"""",""notes"":"""",""name"":""William Morrow"",""Label"":""organization"",""start_date"":""""}}"
"135","[""concept""]","{""id"":135,""labels"":[""concept""],""properties"":{""name"":""Gravity Propulsion Systems""}}"
"136","[""publication""]","{""id"":136,""labels"":[""publication""],""properties"":{""notes"":""November 28, 1983\n\nhttp://www.noufors.com/Dr_Robert_Sarbacher.htm"",""name"":""Crash Retrieval and UAP acknowledgement""}}"
"137","[""place""]","{""id"":137,""labels"":[""place""],""properties"":{""notes"":"""",""name"":""Chesapeake Bay"",""Label"":""place""}}"
"138","[""organization""]","{""id"":138,""labels"":[""organization""],""properties"":{""end_date"":"""",""notes"":""Established July 19, 1960"",""name"":""Electromagnetic Compatibility Analysis Center"",""Label"":""organization"",""start_date"":""""}}"
"139","[""publication""]","{""id"":139,""labels"":[""publication""],""properties"":{""name"":""UFOs Myths Conspiracies and Realities""}}"
"140","[""person""]","{""id"":140,""labels"":[""person""],""properties"":{""notes"":""https://web.archive.org/web/20190404035956/http://www.presidentialufo.com/old_site/dr__eric_walker.htm"",""name"":""Dr. Eric Walker""}}"
"141","[""person""]","{""id"":141,""labels"":[""person""],""properties"":{""notes"":""\""UFO Laywer\"""",""name"":""Peter Gersten""}}"
"142","[""program""]","{""id"":142,""labels"":[""program""],""properties"":{""notes"":""High-frequency Active Auroral Research Program (HAARP)\n\nHAARP utilizes high-frequency radio waves in the range of 3 MHz to 30 MHz to study the Earth's ionosphere and its effects on radio communications and radar systems"",""name"":""HAARP ""}}"
"143","[""program""]","{""id"":143,""labels"":[""program""],""properties"":{""end_date"":""1983"",""name"":""Project Grill Flame"",""start_date"":""1980""}}"
"144","[""program""]","{""id"":144,""labels"":[""program""],""properties"":{""end_date"":""1970"",""notes"":""microwave radiation study on the brain. started from investigation into the stuff happening in moscow https://nsarchive.gwu.edu/document/28787-document-3-arpa-richard-s-cesaro-memorandum-justification-memorandum-project-pandora"",""name"":""Project PANDORA"",""start_date"":""1965""}}"
"145","[""position""]","{""id"":145,""labels"":[""position""],""properties"":{""notes"":"""",""Label"":""position"",""name"":""Director of Naval Intelligence""}}"
"146","[""concept""]","{""id"":146,""labels"":[""concept""],""properties"":{""notes"":""Satellite Imagery of UFO"",""name"":""Satellite Imagery of UFO""}}"
"147","[""person""]","{""id"":147,""labels"":[""person""],""properties"":{""notes"":"""",""name"":""Louis Cabot"",""Label"":""person""}}"
"148","[""position""]","{""id"":148,""labels"":[""position""],""properties"":{""notes"":"""",""name"":""UFO researcher"",""Label"":""position""}}"
"149","[""publication""]","{""id"":149,""labels"":[""publication""],""properties"":{""notes"":"""",""Label"":""publication"",""name"":""Embassy Security Survey""}}"
"150","[""person""]","{""id"":150,""labels"":[""person""],""properties"":{""name"":""Douglas Cotter""}}"
"151","[""person""]","{""id"":151,""labels"":[""person""],""properties"":{""notes"":"""",""Label"":""person"",""name"":""Admiral Bobby Ray Inman""}}"
"152","[""technology""]","{""id"":152,""labels"":[""technology""],""properties"":{""name"":""SIGINT""}}"
"153","[""person""]","{""id"":153,""labels"":[""person""],""properties"":{""name"":""Joe Braddock""}}"
"154","[""person""]","{""id"":154,""labels"":[""person""],""properties"":{""notes"":"""",""name"":""Stephen Lovekin""}}"
"155","[""publication""]","{""id"":155,""labels"":[""publication""],""properties"":{""name"":""Anomalous Acute and Subacute Field Effects on Human Biological Tissues""}}"
"156","[""concept""]","{""id"":156,""labels"":[""concept""],""properties"":{""name"":""Psychic Ability""}}"
"157","[""publication""]","{""id"":157,""labels"":[""publication""],""properties"":{""notes"":"""",""Label"":""publication"",""name"":""Alien Contact Shapiro""}}"
"158","[""technology""]","{""id"":158,""labels"":[""technology""],""properties"":{""notes"":"""",""Label"":""technology"",""name"":""antimatter reactor""}}"
"159","[""concept""]","{""id"":159,""labels"":[""concept""],""properties"":{""name"":""Animal Mutilations""}}"
"160","[""concept""]","{""id"":160,""labels"":[""concept""],""properties"":{""name"":""Biological Research""}}"
"161","[""program""]","{""id"":161,""labels"":[""program""],""properties"":{""name"":""Space Nuclear Detonation Detection program""}}"
"162","[""place""]","{""id"":162,""labels"":[""place""],""properties"":{""name"":""Vladimirovka""}}"
"163","[""person""]","{""id"":163,""labels"":[""person""],""properties"":{""name"":""Dr. J Allen Hynek""}}"
"164","[""concept""]","{""id"":164,""labels"":[""concept""],""properties"":{""name"":""Kripalu yoga""}}"
"165","[""organization""]","{""id"":165,""labels"":[""organization""],""properties"":{""name"":""Sandia National Labs""}}"
"166","[""date""]","{""id"":166,""labels"":[""date""],""properties"":{""notes"":"""",""name"":""1964"",""Label"":""date""}}"
"167","[""program""]","{""id"":167,""labels"":[""program""],""properties"":{""name"":""Project Bizarre""}}"
"168","[""position""]","{""id"":168,""labels"":[""position""],""properties"":{""notes"":"""",""name"":""Associate Deputy Director of Intelligence"",""Label"":""position""}}"
"169","[""publication""]","{""id"":169,""labels"":[""publication""],""properties"":{""notes"":"""",""Label"":""publication"",""name"":""Again from Alien Contact""}}"
"170","[""person""]","{""id"":170,""labels"":[""person""],""properties"":{""name"":""John E. Mansfield""}}"
"171","[""organization""]","{""id"":171,""labels"":[""organization""],""properties"":{""name"":""NASA""}}"
"172","[""event""]","{""id"":172,""labels"":[""event""],""properties"":{""name"":""Aztec UFO Crash""}}"
"173","[""date""]","{""id"":173,""labels"":[""date""],""properties"":{""name"":""1948""}}"
"174","[""organization""]","{""id"":174,""labels"":[""organization""],""properties"":{""end_date"":"""",""notes"":"""",""name"":""Directorate of Science and Technology"",""Label"":""organization"",""start_date"":""""}}"
"175","[""organization""]","{""id"":175,""labels"":[""organization""],""properties"":{""end_date"":"""",""notes"":"""",""Label"":""program"",""name"":""NRO - National Reconnaissance Program"",""start_date"":""""}}"
"176","[""place""]","{""id"":176,""labels"":[""place""],""properties"":{""notes"":"""",""name"":""Pine Gap"",""Label"":""place""}}"
"177","[""place""]","{""id"":177,""labels"":[""place""],""properties"":{""notes"":"""",""name"":""Australia"",""Label"":""place""}}"
"178","[""place""]","{""id"":178,""labels"":[""place""],""properties"":{""notes"":"""",""Label"":""place"",""name"":""Joint Data Facility Pine Gap""}}"
"179","[""place""]","{""id"":179,""labels"":[""place""],""properties"":{""notes"":"""",""Label"":""place"",""name"":""Joint Defense Facility Pine Gap""}}"
"180","[""organization""]","{""id"":180,""labels"":[""organization""],""properties"":{""name"":""Defense Mapping Agency"",""start_date"":""""}}"
"181","[""concept""]","{""id"":181,""labels"":[""concept""],""properties"":{""name"":""Vipassana Meditation""}}"
"182","[""place""]","{""id"":182,""labels"":[""place""],""properties"":{""notes"":"""",""name"":""USSR"",""Label"":""place""}}"
"183","[""organization""]","{""id"":183,""labels"":[""organization""],""properties"":{""name"":""The Meta Network""}}"
"184","[""position""]","{""id"":184,""labels"":[""position""],""properties"":{""notes"":"""",""Label"":""position"",""name"":""Deputy Director for Science Technology""}}"
"185","[""publication""]","{""id"":185,""labels"":[""publication""],""properties"":{""notes"":"""",""name"":""Alien Contact At the Ozark UFO Conference"",""Label"":""publication""}}"
"186","[""date""]","{""id"":186,""labels"":[""date""],""properties"":{""name"":""1945""}}"
"187","[""person""]","{""id"":187,""labels"":[""person""],""properties"":{""notes"":"""",""name"":""Ronald Pandolfi"",""Label"":""person""}}"
"188","[""organization""]","{""id"":188,""labels"":[""organization""],""properties"":{""end_date"":"""",""notes"":"""",""name"":""CIA"",""Label"":""organization"",""start_date"":""""}}"
"189","[""publication""]","{""id"":189,""labels"":[""publication""],""properties"":{""notes"":"""",""name"":""Alien Update"",""Label"":""publication""}}"
"190","[""organization""]","{""id"":190,""labels"":[""organization""],""properties"":{""name"":""Defense Nuclear Agency""}}"
"191","[""program""]","{""id"":191,""labels"":[""program""],""properties"":{""end_date"":""1992"",""notes"":"""",""name"":""Program B"",""Label"":""program"",""start_date"":""1980's""}}"
"192","[""date""]","{""id"":192,""labels"":[""date""],""properties"":{""name"":""1947""}}"
"193","[""group""]","{""id"":193,""labels"":[""group""],""properties"":{""notes"":""A group established by the United States Air Force to study the UFO phenomenon"",""name"":""Intelligence Advisory Committee""}}"
"194","[""technology""]","{""id"":194,""labels"":[""technology""],""properties"":{""name"":""Radar""}}"
"195","[""group""]","{""id"":195,""labels"":[""group""],""properties"":{""notes"":"""",""name"":""ATPTEN"",""Label"":""group""}}"
"196","[""program""]","{""id"":196,""labels"":[""program""],""properties"":{""name"":""Sleeping Beauty""}}"
"198","[""object""]","{""id"":198,""labels"":[""object""],""properties"":{""notes"":""A flying object that cannot be identified by the observer"",""name"":""unidentified flying object""}}"
"199","[""person""]","{""id"":199,""labels"":[""person""],""properties"":{""name"":""Jim Lacatski""}}"
"200","[""date""]","{""id"":200,""labels"":[""date""],""properties"":{""notes"":"""",""name"":""2017"",""Label"":""date""}}"
"201","[""person""]","{""id"":201,""labels"":[""person""],""properties"":{""name"":""Houston T. Hawkins""}}"
"203","[""person""]","{""id"":203,""labels"":[""person""],""properties"":{""notes"":"""",""name"":""Gen. Jack Sheehan"",""Label"":""person""}}"
"204","[""concept""]","{""id"":204,""labels"":[""concept""],""properties"":{""name"":""Psychoenergetic Research""}}"
"205","[""organization""]","{""id"":205,""labels"":[""organization""],""properties"":{""end_date"":"""",""notes"":"""",""name"":""USMC United States Marine Corps"",""Label"":""organization"",""start_date"":""""}}"
"206","[""technology""]","{""id"":206,""labels"":[""technology""],""properties"":{""name"":""Space Fence""}}"
"207","[""organization""]","{""id"":207,""labels"":[""organization""],""properties"":{""end_date"":"""",""name"":""DIA Defense Intelligence Agency"",""start_date"":""""}}"
"208","[""publication""]","{""id"":208,""labels"":[""publication""],""properties"":{""notes"":"""",""Label"":""publication"",""name"":""The Shadow Factory""}}"
"209","[""person""]","{""id"":209,""labels"":[""person""],""properties"":{""notes"":"""",""name"":""James Bamford"",""Label"":""person""}}"
"210","[""concept""]","{""id"":210,""labels"":[""concept""],""properties"":{""notes"":"""",""Label"":""concept"",""name"":""Electric Propulsion Study""}}"
"211","[""organization""]","{""id"":211,""labels"":[""organization""],""properties"":{""end_date"":"""",""notes"":"""",""name"":""Air Force"",""Label"":""organization"",""start_date"":""""}}"
"212","[""place""]","{""id"":212,""labels"":[""place""],""properties"":{""notes"":"""",""Label"":""place"",""name"":""Air Force Space Technology Center""}}"
"213","[""concept""]","{""id"":213,""labels"":[""concept""],""properties"":{""notes"":""An attempt to conceal evidence of wrongdoing or avoid embarrassment"",""name"":""cover-up""}}"
"214","[""event""]","{""id"":214,""labels"":[""event""],""properties"":{""end_date"":""1953"",""name"":""Truman Administration"",""start_date"":""1945""}}"
"215","[""person""]","{""id"":215,""labels"":[""person""],""properties"":{""notes"":"""",""Label"":""person"",""name"":""Pharis Williams""}}"
"216","[""person""]","{""id"":216,""labels"":[""person""],""properties"":{""notes"":"""",""name"":""Dennis Cravens"",""Label"":""person""}}"
"217","[""concept""]","{""id"":217,""labels"":[""concept""],""properties"":{""notes"":"""",""name"":""Dynamic Theory"",""Label"":""concept""}}"
"218","[""person""]","{""id"":218,""labels"":[""person""],""properties"":{""name"":""Dr. Joe Angelo""}}"
"220","[""date""]","{""id"":220,""labels"":[""date""],""properties"":{""notes"":"""",""name"":""1996"",""Label"":""date""}}"
"223","[""person""]","{""id"":223,""labels"":[""person""],""properties"":{""notes"":"""",""Label"":""person"",""name"":""Howell McConnell""}}"
"224","[""civilian_contractor""]","{""id"":224,""labels"":[""civilian_contractor""],""properties"":{""notes"":"""",""name"":""Raytheon""}}"
"225","[""technology""]","{""id"":225,""labels"":[""technology""],""properties"":{""name"":""S-band Radar""}}"
"226","[""person""]","{""id"":226,""labels"":[""person""],""properties"":{""name"":""Gordon Gray""}}"
"227","[""publication""]","{""id"":227,""labels"":[""publication""],""properties"":{""notes"":"""",""name"":""Timothy Goods Above Top Secret The Worldwide UFO CoverUp"",""Label"":""publication""}}"
"228","[""publication""]","{""id"":228,""labels"":[""publication""],""properties"":{""notes"":"""",""name"":""Jacques Vallee UFO Chronicles of the Soviet Union A Cosmic Samizdat"",""Label"":""publication""}}"
"229","[""position""]","{""id"":229,""labels"":[""position""],""properties"":{""name"":""National Security Advisor""}}"
"234","[""person""]","{""id"":234,""labels"":[""person""],""properties"":{""notes"":""American diplomat and lawyer, first civilian director of the Central Intelligence Agency"",""name"":""Allen Welsh Dulles""}}"
"235","[""place""]","{""id"":235,""labels"":[""place""],""properties"":{""notes"":"""",""name"":""Tysons Corner, Virginia"",""Label"":""place""}}"
"238","[""person""]","{""id"":238,""labels"":[""person""],""properties"":{""notes"":"""",""name"":""Karl T. Pflock"",""Label"":""person""}}"
"239","[""position""]","{""id"":239,""labels"":[""position""],""properties"":{""notes"":"""",""name"":""Director of the CIA""}}"
"240","[""program""]","{""id"":240,""labels"":[""program""],""properties"":{""notes"":""Group of scientists and military officials convened in 1953 by the CIA at the request of the US Air Force to investigate UFO sightings"",""name"":""Robertson Panel"",""start_date"":""1952""}}"
"241","[""position""]","{""id"":241,""labels"":[""position""],""properties"":{""notes"":"""",""name"":""Deputy Assistant Secretary of Defense"",""Label"":""position""}}"
"242","[""person""]","{""id"":242,""labels"":[""person""],""properties"":{""notes"":"""",""name"":""Ian Summers"",""Label"":""person""}}"
"243","[""person""]","{""id"":243,""labels"":[""person""],""properties"":{""notes"":"""",""name"":""Dan Kagan"",""Label"":""person""}}"
"244","[""organization""]","{""id"":244,""labels"":[""organization""],""properties"":{""name"":""Electronic Networking Association""}}"
"246","[""place""]","{""id"":246,""labels"":[""place""],""properties"":{""notes"":"""",""Label"":""place"",""name"":""Patuxent River Naval Air Station""}}"
"247","[""date""]","{""id"":247,""labels"":[""date""],""properties"":{""notes"":"""",""name"":""1988"",""Label"":""date""}}"
"249","[""concept""]","{""id"":249,""labels"":[""concept""],""properties"":{""name"":""psychological warfare""}}"
"250","[""date""]","{""id"":250,""labels"":[""date""],""properties"":{""name"":""1985""}}"
"251","[""person""]","{""id"":251,""labels"":[""person""],""properties"":{""notes"":"""",""name"":""Oke Shannon""}}"
"252","[""technology""]","{""id"":252,""labels"":[""technology""],""properties"":{""notes"":"""",""name"":""EMPRESS II""}}"
"253","[""technology""]","{""id"":253,""labels"":[""technology""],""properties"":{""notes"":"""",""name"":""EMP"",""Label"":""concept""}}"
"254","[""event""]","{""id"":254,""labels"":[""event""],""properties"":{""notes"":"""",""name"":""Starfish Prime"",""Label"":""event""}}"
"255","[""date""]","{""id"":255,""labels"":[""date""],""properties"":{""notes"":"""",""name"":""1962"",""Label"":""date""}}"
"256","[""civilian_contractor""]","{""id"":256,""labels"":[""civilian_contractor""],""properties"":{""name"":""Bigelow Aerospace Advanced Space Studies BAASS""}}"
"257","[""program""]","{""id"":257,""labels"":[""program""],""properties"":{""notes"":""Office created by Dulles in the early 1950s, tasked with investigating UFO sightings and related phenomena"",""name"":""Office of Scientific Intelligence OSI""}}"
"258","[""place""]","{""id"":258,""labels"":[""place""],""properties"":{""notes"":"""",""name"":""Gulf of Mexico"",""Label"":""place""}}"
"259","[""program""]","{""id"":259,""labels"":[""program""],""properties"":{""notes"":""Law that established the CIA and other intelligence agencies, and paved the way for the development of Special Access Programs"",""name"":""National Security Act of 1947""}}"
"260","[""place""]","{""id"":260,""labels"":[""place""],""properties"":{""notes"":"""",""name"":""Kirtland AFB"",""Label"":""place""}}"
"261","[""publication""]","{""id"":261,""labels"":[""publication""],""properties"":{""name"":""Advanced Space Propulsion Based on Vacuum (Spacetime Metric) Engineering""}}"
"262","[""organization""]","{""id"":262,""labels"":[""organization""],""properties"":{""name"":""Church's Chicken""}}"
"263","[""publication""]","{""id"":263,""labels"":[""publication""],""properties"":{""name"":""Ultraterrestrial Models""}}"
"264","[""program""]","{""id"":264,""labels"":[""program""],""properties"":{""end_date"":"""",""notes"":"""",""name"":""TRESTLE"",""Label"":""program"",""start_date"":""""}}"
"265","[""organization""]","{""id"":265,""labels"":[""organization""],""properties"":{""end_date"":"""",""notes"":"""",""Label"":""organization"",""name"":""McDonnell Douglas"",""start_date"":""""}}"
"266","[""person""]","{""id"":266,""labels"":[""person""],""properties"":{""name"":""Robert M. L. Baker Jr.""}}"
"267","[""program""]","{""id"":267,""labels"":[""program""],""properties"":{""name"":""Astrodynamics Research Center""}}"
"268","[""technology""]","{""id"":268,""labels"":[""technology""],""properties"":{""name"":""Chinese Technology""}}"
"269","[""group""]","{""id"":269,""labels"":[""group""],""properties"":{""notes"":""Mentioned in this link: https://wikileaks.org/gifiles/docs/19/1976530_is-ron-pandolfi-the-cia-s-real-life-x-files-fox-mulder-.html\n\nalso \nhttps://web.archive.org/web/20101128134606/http://www.starpod.org/MP3/RON%20PANDOLFI.mp3"",""name"":""UFO Working Group""}}"
"270","[""person""]","{""id"":270,""labels"":[""person""],""properties"":{""name"":""Dan Smith""}}"
"271","[""program""]","{""id"":271,""labels"":[""program""],""properties"":{""end_date"":"""",""notes"":"""",""name"":""CHAMP"",""Label"":""program"",""start_date"":""""}}"
"272","[""organization""]","{""id"":272,""labels"":[""organization""],""properties"":{""end_date"":"""",""notes"":"""",""name"":""Boeing"",""Label"":""organization"",""start_date"":""""}}"
"273","[""organization""]","{""id"":273,""labels"":[""organization""],""properties"":{""end_date"":"""",""notes"":"""",""Label"":""organization"",""name"":""Air Force Research Laboratory"",""start_date"":""""}}"
"274","[""object""]","{""id"":274,""labels"":[""object""],""properties"":{""name"":""Crop Circles""}}"
"275","[""program""]","{""id"":275,""labels"":[""program""],""properties"":{""end_date"":"""",""notes"":""Advanced Aerospace Threat Identification Program"",""name"":""AATIP"",""Label"":""program"",""start_date"":""""}}"
"276","[""concept""]","{""id"":276,""labels"":[""concept""],""properties"":{""notes"":"""",""name"":""nuclear test"",""Label"":""concept""}}"
"277","[""concept""]","{""id"":277,""labels"":[""concept""],""properties"":{""notes"":"""",""name"":""nuclear warhead"",""Label"":""concept""}}"
"278","[""person""]","{""id"":278,""labels"":[""person""],""properties"":{""notes"":"""",""name"":""James Iandoli"",""Label"":""person""}}"
"279","[""person""]","{""id"":279,""labels"":[""person""],""properties"":{""name"":""Rosemary Ellen Guiley""}}"
"280","[""concept""]","{""id"":280,""labels"":[""concept""],""properties"":{""name"":""High Frequency Gravitational Waves (HFGW)""}}"
"281","[""organization""]","{""id"":281,""labels"":[""organization""],""properties"":{""name"":""Office of the Director of National Intelligence ODNI""}}"
"282","[""date""]","{""id"":282,""labels"":[""date""],""properties"":{""notes"":"""",""name"":""2000"",""Label"":""date""}}"
"283","[""concept""]","{""id"":283,""labels"":[""concept""],""properties"":{""name"":""Measurement and Signature Intelligence (MASINT)\n""}}"
"286","[""civilian_contractor""]","{""id"":286,""labels"":[""civilian_contractor""],""properties"":{""notes"":"""",""name"":""TRW"",""Label"":""organization""}}"
"287","[""civilian_contractor""]","{""id"":287,""labels"":[""civilian_contractor""],""properties"":{""notes"":"""",""Label"":""organization"",""name"":""Northrop Grumman""}}"
"288","[""organization""]","{""id"":288,""labels"":[""organization""],""properties"":{""name"":""Computer Sciences Corporation CSC""}}"
"289","[""position""]","{""id"":289,""labels"":[""position""],""properties"":{""name"":""Nuclear Physicist""}}"
"290","[""organization""]","{""id"":290,""labels"":[""organization""],""properties"":{""notes"":"" The company merged with McDonnell Aircraft in 1967 to form McDonnell Douglas, which later merged with Boeing in 1997."",""name"":""Douglas Aircraft Company"",""start_date"":""1921""}}"
"291","[""concept""]","{""id"":291,""labels"":[""concept""],""properties"":{""name"":""Non-Lethal Weapons""}}"
"292","[""publication""]","{""id"":292,""labels"":[""publication""],""properties"":{""name"":""High‐Frequency Gravitational Wave (HFGW) Generation by Means of X‐ray Lasers and Detection by Coupling Linearized GW to EM Fields""}}"
"293","[""person""]","{""id"":293,""labels"":[""person""],""properties"":{""notes"":"""",""Label"":""person"",""name"":""Vasili Alexejev""}}"
"294","[""organization""]","{""id"":294,""labels"":[""organization""],""properties"":{""end_date"":"""",""notes"":"""",""Label"":""organization"",""name"":""Soviet Air Force"",""start_date"":""""}}"
"295","[""person""]","{""id"":295,""labels"":[""person""],""properties"":{""notes"":"""",""Label"":""person"",""name"":""Vasily Yeremenko""}}"
"296","[""publication""]","{""id"":296,""labels"":[""publication""],""properties"":{""notes"":"""",""name"":""Pentacle memo"",""Label"":""publication""}}"
"297","[""event""]","{""id"":297,""labels"":[""event""],""properties"":{""notes"":"""",""name"":""1953"",""Label"":""event""}}"
"298","[""organization""]","{""id"":298,""labels"":[""organization""],""properties"":{""end_date"":"""",""notes"":"""",""Label"":""organization"",""name"":""Office of Secure Transport"",""start_date"":""""}}"
"299","[""organization""]","{""id"":299,""labels"":[""organization""],""properties"":{""end_date"":"""",""notes"":""National Nuclear Security Administration"",""name"":""NNSA"",""Label"":""organization"",""start_date"":""""}}"
"300","[""publication""]","{""id"":300,""labels"":[""publication""],""properties"":{""notes"":""Gravitational Wave Generation and Detection Using Acoustic Resonators and Coupled Resonance Chambers"",""name"":""Gravitational Wave Generation and Detection Using Acoustic Resonators and Coupled Resonance Chambers""}}"
"301","[""person""]","{""id"":301,""labels"":[""person""],""properties"":{""notes"":"""",""name"":""Bob Fish"",""Label"":""person""}}"
"302","[""concept""]","{""id"":302,""labels"":[""concept""],""properties"":{""notes"":"""",""name"":""UFObaiting"",""Label"":""concept""}}"
"303","[""concept""]","{""id"":303,""labels"":[""concept""],""properties"":{""notes"":"""",""Label"":""concept"",""name"":""unidentified aerospaceundersea phenomena""}}"
"304","[""program""]","{""id"":304,""labels"":[""program""],""properties"":{""notes"":"""",""Label"":""concept"",""name"":""National Geospatial Intelligence Agency""}}"
"305","[""program""]","{""id"":305,""labels"":[""program""],""properties"":{""end_date"":"""",""name"":""Lockheed Skunk Works"",""start_date"":""""}}"
"306","[""place""]","{""id"":306,""labels"":[""place""],""properties"":{""notes"":"""",""name"":""Virginia Beach"",""Label"":""place""}}"
"307","[""technology""]","{""id"":307,""labels"":[""technology""],""properties"":{""notes"":"""",""name"":""EMPRESS I"",""Label"":""object""}}"
"308","[""civilian_contractor""]","{""id"":308,""labels"":[""civilian_contractor""],""properties"":{""name"":""Lockheed Martin""}}"
"309","[""publication""]","{""id"":309,""labels"":[""publication""],""properties"":{""name"":""Gravitational Wave (GW) Radiation Pattern at the Focus of a High‐Frequency GW (HFGW) Generator and Aerospace Applications""}}"
"312","[""organization""]","{""id"":312,""labels"":[""organization""],""properties"":{""name"":""McDonnell Aircraft""}}"
"313","[""organization""]","{""id"":313,""labels"":[""organization""],""properties"":{""name"":""GRAVWAVE LLC""}}"
"314","[""organization""]","{""id"":314,""labels"":[""organization""],""properties"":{""name"":""Transportation Sciences Corporation""}}"
"319","[""organization""]","{""id"":319,""labels"":[""organization""],""properties"":{""end_date"":"""",""name"":""Department of Defense"",""start_date"":""""}}"
"321","[""publication""]","{""id"":321,""labels"":[""publication""],""properties"":{""notes"":"""",""Label"":""publication"",""name"":""Forbidden Science Volume 4""}}"
"325","[""person""]","{""id"":325,""labels"":[""person""],""properties"":{""notes"":"""",""name"":""Len Buchholz"",""Label"":""person""}}"
"326","[""program""]","{""id"":326,""labels"":[""program""],""properties"":{""end_date"":""1970"",""notes"":"""",""Label"":""program"",""name"":""Project Blue Book"",""start_date"":""""}}"
"327","[""date""]","{""id"":327,""labels"":[""date""],""properties"":{""notes"":"""",""name"":""1970"",""Label"":""date""}}"
"328","[""object""]","{""id"":328,""labels"":[""object""],""properties"":{""notes"":"""",""name"":""RC135"",""Label"":""object""}}"
"330","[""place""]","{""id"":330,""labels"":[""place""],""properties"":{""notes"":"""",""name"":""MacDill AFB"",""Label"":""place""}}"
"331","[""place""]","{""id"":331,""labels"":[""place""],""properties"":{""notes"":"""",""name"":""Arizona"",""Label"":""place""}}"
"332","[""place""]","{""id"":332,""labels"":[""place""],""properties"":{""notes"":"""",""name"":""Louisiana"",""Label"":""place""}}"
"333","[""place""]","{""id"":333,""labels"":[""place""],""properties"":{""notes"":"""",""name"":""Texas"",""Label"":""place""}}"
"334","[""place""]","{""id"":334,""labels"":[""place""],""properties"":{""notes"":"""",""name"":""Oklahoma"",""Label"":""place""}}"
"336","[""date""]","{""id"":336,""labels"":[""date""],""properties"":{""notes"":"""",""name"":""2021"",""Label"":""date""}}"
"337","[""object""]","{""id"":337,""labels"":[""object""],""properties"":{""notes"":"""",""name"":""E2C Hawkeye"",""Label"":""object""}}"
"338","[""event""]","{""id"":338,""labels"":[""event""],""properties"":{""notes"":"""",""Label"":""event"",""name"":""2004 Nimitz TicTac incident""}}"
"339","[""date""]","{""id"":339,""labels"":[""date""],""properties"":{""notes"":"""",""name"":""2004"",""Label"":""date""}}"
"340","[""person""]","{""id"":340,""labels"":[""person""],""properties"":{""notes"":"""",""name"":""Guy Hottel"",""Label"":""person""}}"
"342","[""organization""]","{""id"":342,""labels"":[""organization""],""properties"":{""end_date"":"""",""notes"":"""",""Label"":""organization"",""name"":""General Electric"",""start_date"":""""}}"
"343","[""object""]","{""id"":343,""labels"":[""object""],""properties"":{""notes"":"""",""name"":""AN/CPS6 radar"",""Label"":""object""}}"
"344","[""object""]","{""id"":344,""labels"":[""object""],""properties"":{""notes"":"""",""Label"":""object"",""name"":""AN/MPQ2""}}"
"345","[""publication""]","{""id"":345,""labels"":[""publication""],""properties"":{""notes"":"""",""Label"":""publication"",""name"":""Trinity, The Best Kept Secret""}}"
"347","[""place""]","{""id"":347,""labels"":[""place""],""properties"":{""notes"":"""",""name"":""Roswell Army Air Field"",""Label"":""place""}}"
"349","[""place""]","{""id"":349,""labels"":[""place""],""properties"":{""notes"":"""",""name"":""San Antonio, New Mexico"",""Label"":""place""}}"
"351","[""object""]","{""id"":351,""labels"":[""object""],""properties"":{""notes"":"""",""name"":""ANSPY1"",""Label"":""object""}}"
"355","[""technology""]","{""id"":355,""labels"":[""technology""],""properties"":{""notes"":"""",""name"":""silent sentry"",""Label"":""system""}}"
"357","[""technology""]","{""id"":357,""labels"":[""technology""],""properties"":{""notes"":"""",""Label"":""technology"",""name"":""Silent Sentry System""}}"
"361","[""person""]","{""id"":361,""labels"":[""person""],""properties"":{""notes"":"""",""name"":""Commander Willard Miller""}}"
"362","[""date""]","{""id"":362,""labels"":[""date""],""properties"":{""notes"":"""",""name"":""2020"",""Label"":""date""}}"
"365","[""person""]","{""id"":365,""labels"":[""person""],""properties"":{""notes"":"""",""name"":""VADM Thomas R. Wilson""}}"
"368","[""place""]","{""id"":368,""labels"":[""place""],""properties"":{""notes"":"""",""name"":""Varginha"",""Label"":""place""}}"
"369","[""place""]","{""id"":369,""labels"":[""place""],""properties"":{""notes"":"""",""name"":""Brazil"",""Label"":""place""}}"
"370","[""person""]","{""id"":370,""labels"":[""person""],""properties"":{""notes"":"""",""name"":""Oralina"",""Label"":""person""}}"
"371","[""person""]","{""id"":371,""labels"":[""person""],""properties"":{""notes"":"""",""Label"":""person"",""name"":""Eurico de Freitas""}}"
"372","[""person""]","{""id"":372,""labels"":[""person""],""properties"":{""notes"":"""",""Label"":""person"",""name"":""Carlos de Souza""}}"
"373","[""organization""]","{""id"":373,""labels"":[""organization""],""properties"":{""end_date"":"""",""notes"":"""",""name"":""military police"",""Label"":""organization"",""start_date"":""""}}"
"374","[""place""]","{""id"":374,""labels"":[""place""],""properties"":{""notes"":"""",""name"":""Campinas"",""Label"":""place""}}"
"375","[""person""]","{""id"":375,""labels"":[""person""],""properties"":{""name"":""Jack Houck""}}"
"377","[""event""]","{""id"":377,""labels"":[""event""],""properties"":{""notes"":"""",""name"":""1997 UFO Peru Crash"",""Label"":""event""}}"
"378","[""place""]","{""id"":378,""labels"":[""place""],""properties"":{""notes"":"""",""name"":""Peru"",""Label"":""place""}}"
"380","[""person""]","{""id"":380,""labels"":[""person""],""properties"":{""notes"":"""",""Label"":""person"",""name"":""Jonathan Weygandt""}}"
"384","[""event""]","{""id"":384,""labels"":[""event""],""properties"":{""notes"":"""",""name"":""UFO crash at Roswell"",""Label"":""event""}}"
"390","[""person""]","{""id"":390,""labels"":[""person""],""properties"":{""notes"":"""",""Label"":""person"",""name"":""Ralph Blumenthals""}}"
"391","[""person""]","{""id"":391,""labels"":[""person""],""properties"":{""notes"":"""",""name"":""Shari Adamiak""}}"
"393","[""program""]","{""id"":393,""labels"":[""program""],""properties"":{""end_date"":"""",""notes"":"""",""Label"":""program"",""name"":""Project Hessdalen"",""start_date"":""""}}"
"394","[""place""]","{""id"":394,""labels"":[""place""],""properties"":{""notes"":"""",""name"":""Norway"",""Label"":""place""}}"
"396","[""person""]","{""id"":396,""labels"":[""person""],""properties"":{""notes"":"""",""name"":""Ed Walters"",""Label"":""person""}}"
"397","[""person""]","{""id"":397,""labels"":[""person""],""properties"":{""notes"":"""",""name"":""Joseph Burkes"",""Label"":""person""}}"
"398","[""place""]","{""id"":398,""labels"":[""place""],""properties"":{""notes"":"""",""name"":""Oslo"",""Label"":""place""}}"
"401","[""event""]","{""id"":401,""labels"":[""event""],""properties"":{""name"":""Holloman UFO Contact Event""}}"
"404","[""person""]","{""id"":404,""labels"":[""person""],""properties"":{""notes"":"""",""name"":""Edwin May"",""Label"":""person""}}"
"405","[""program""]","{""id"":405,""labels"":[""program""],""properties"":{""end_date"":"""",""notes"":"""",""name"":""Project SUNSTREAK"",""Label"":""program"",""start_date"":""1991""}}"
"406","[""date""]","{""id"":406,""labels"":[""date""],""properties"":{""notes"":"""",""name"":""1991"",""Label"":""time""}}"
"407","[""place""]","{""id"":407,""labels"":[""place""],""properties"":{""notes"":"""",""name"":""New Mexico"",""Label"":""place""}}"
"408","[""place""]","{""id"":408,""labels"":[""place""],""properties"":{""notes"":"""",""name"":""Holloman AFB"",""Label"":""place""}}"
"409","[""organization""]","{""id"":409,""labels"":[""organization""],""properties"":{""end_date"":"""",""notes"":"""",""Label"":""organization"",""name"":""NSA West"",""start_date"":""1991""}}"
"410","[""program""]","{""id"":410,""labels"":[""program""],""properties"":{""end_date"":"""",""notes"":"""",""Label"":""program"",""name"":""SRIs remote viewing program"",""start_date"":""""}}"
"411","[""person""]","{""id"":411,""labels"":[""person""],""properties"":{""notes"":"""",""Label"":""person"",""name"":""MAJ Ed Dames""}}"
"413","[""organization""]","{""id"":413,""labels"":[""organization""],""properties"":{""end_date"":"""",""name"":""Air Force Weapons Laboratory"",""start_date"":""""}}"
"414","[""concept""]","{""id"":414,""labels"":[""concept""],""properties"":{""notes"":"""",""name"":""CE5"",""Label"":""concept""}}"
"415","[""person""]","{""id"":415,""labels"":[""person""],""properties"":{""notes"":""Oke Shannon does not trust John Alexander, sus"",""name"":""Col. John Alexander"",""Label"":""person""}}"
"416","[""program""]","{""id"":416,""labels"":[""program""],""properties"":{""end_date"":"""",""notes"":"""",""name"":""AAWSAPBAASS"",""Label"":""program"",""start_date"":""""}}"
"417","[""publication""]","{""id"":417,""labels"":[""publication""],""properties"":{""notes"":"""",""Label"":""publication"",""name"":""Defense Intelligence Reference Document DIRD""}}"
"419","[""organization""]","{""id"":419,""labels"":[""organization""],""properties"":{""end_date"":"""",""name"":""Department of Energy"",""start_date"":""""}}"
"420","[""person""]","{""id"":420,""labels"":[""person""],""properties"":{""notes"":"""",""name"":""Dr. Kit Green"",""Label"":""person""}}"
"421","[""person""]","{""id"":421,""labels"":[""person""],""properties"":{""notes"":""George William \""Bill\"" Church \n https://www.findagrave.com/memorial/125248751/george-william-church\n\n"",""name"":""William Bill Church"",""Label"":""person""}}"
"424","[""person""]","{""id"":424,""labels"":[""person""],""properties"":{""notes"":"""",""name"":""Tom Deuly"",""Label"":""person""}}"
"425","[""concept""]","{""id"":425,""labels"":[""concept""],""properties"":{""notes"":"""",""name"":""nutsandbolts research"",""Label"":""concept""}}"
"426","[""event""]","{""id"":426,""labels"":[""event""],""properties"":{""notes"":"""",""Label"":""legal case"",""name"":""CashLandrum case""}}"
"427","[""place""]","{""id"":427,""labels"":[""place""],""properties"":{""notes"":"""",""name"":""Rendlesham Forest"",""Label"":""place""}}"
"431","[""person""]","{""id"":431,""labels"":[""person""],""properties"":{""notes"":"""",""name"":""John Burroughs"",""Label"":""person""}}"
"432","[""organization""]","{""id"":432,""labels"":[""organization""],""properties"":{""end_date"":"""",""notes"":"""",""name"":""International Remote Viewing Association"",""Label"":""organization"",""start_date"":""""}}"
"435","[""place""]","{""id"":435,""labels"":[""place""],""properties"":{""notes"":"""",""name"":""Skinwalker Ranch"",""Label"":""place""}}"
"436","[""date""]","{""id"":436,""labels"":[""date""],""properties"":{""notes"":"""",""name"":""2013"",""Label"":""date""}}"
"437","[""technology""]","{""id"":437,""labels"":[""technology""],""properties"":{""notes"":"""",""name"":""fMRI"",""Label"":""technology""}}"
"438","[""concept""]","{""id"":438,""labels"":[""concept""],""properties"":{""notes"":"""",""name"":""entanglement"",""Label"":""concept""}}"
"439","[""concept""]","{""id"":439,""labels"":[""concept""],""properties"":{""notes"":"""",""Label"":""concept"",""name"":""quantum mind mediated telepathy""}}"
"442","[""event""]","{""id"":442,""labels"":[""event""],""properties"":{""notes"":"""",""Label"":""event"",""name"":""Skinwalker Ranch phenomenon""}}"
"443","[""publication""]","{""id"":443,""labels"":[""publication""],""properties"":{""notes"":"""",""Label"":""publication"",""name"":""Bekkums article""}}"
"444","[""object""]","{""id"":444,""labels"":[""object""],""properties"":{""notes"":"""",""Label"":""anatomical structure"",""name"":""caudateputamen""}}"
"446","[""publication""]","{""id"":446,""labels"":[""publication""],""properties"":{""notes"":"""",""Label"":""publication"",""name"":""The Rendlesham Enigma""}}"
"447","[""person""]","{""id"":447,""labels"":[""person""],""properties"":{""notes"":"""",""Label"":""person"",""name"":""James Penniston""}}"
"448","[""event""]","{""id"":448,""labels"":[""event""],""properties"":{""notes"":"""",""Label"":""event"",""name"":""Rendlesham Forest Event""}}"
"449","[""organization""]","{""id"":449,""labels"":[""organization""],""properties"":{""end_date"":"""",""notes"":""https://www.cia.gov/readingroom/docs/NSA-RDP96X00790R000100030015-9.pdf"",""Label"":""organization"",""name"":""Institute for Advanced Studies at Austin"",""start_date"":""1985""}}"
"450","[""organization""]","{""id"":450,""labels"":[""organization""],""properties"":{""end_date"":"""",""notes"":"""",""Label"":""organization"",""name"":""Discover HITECH"",""start_date"":""""}}"
"451","[""concept""]","{""id"":451,""labels"":[""concept""],""properties"":{""notes"":"""",""Label"":""concept"",""name"":""quantum communication technology""}}"
"453","[""person""]","{""id"":453,""labels"":[""person""],""properties"":{""notes"":"""",""name"":""Jim Semivan"",""Label"":""person""}}"
"454","[""organization""]","{""id"":454,""labels"":[""organization""],""properties"":{""end_date"":"""",""notes"":"""",""name"":""TTSA"",""Label"":""organization"",""start_date"":""""}}"
"459","[""person""]","{""id"":459,""labels"":[""person""],""properties"":{""notes"":"""",""name"":""Brent Raynes"",""Label"":""person""}}"
"460","[""program""]","{""id"":460,""labels"":[""program""],""properties"":{""end_date"":"""",""notes"":"""",""Label"":""program"",""name"":""Parapsychology Research"",""start_date"":""""}}"
"461","[""person""]","{""id"":461,""labels"":[""person""],""properties"":{""notes"":"""",""name"":""Ingo Swann"",""Label"":""person""}}"
"462","[""organization""]","{""id"":462,""labels"":[""organization""],""properties"":{""end_date"":"""",""notes"":"""",""Label"":""organization"",""name"":""DARPA Defence Advanced Research Projects Agency"",""start_date"":""""}}"
"463","[""person""]","{""id"":463,""labels"":[""person""],""properties"":{""notes"":"""",""name"":""Craig Fields"",""Label"":""person""}}"
"464","[""person""]","{""id"":464,""labels"":[""person""],""properties"":{""notes"":"""",""name"":""Howard Baker"",""Label"":""person""}}"
"465","[""position""]","{""id"":465,""labels"":[""position""],""properties"":{""notes"":"""",""Label"":""position"",""name"":""Secretary of State""}}"
"466","[""person""]","{""id"":466,""labels"":[""person""],""properties"":{""notes"":"""",""Label"":""person"",""name"":""Admiral Marriott""}}"
"467","[""concept""]","{""id"":467,""labels"":[""concept""],""properties"":{""end_date"":"""",""notes"":"""",""name"":""Remote Viewing"",""start_date"":""""}}"
"471","[""person""]","{""id"":471,""labels"":[""person""],""properties"":{""notes"":"""",""name"":""Garry Nolan"",""Label"":""person""}}"
"472","[""program""]","{""id"":472,""labels"":[""program""],""properties"":{""end_date"":"""",""notes"":"""",""name"":""AAWSAP"",""Label"":""program"",""start_date"":""2007""}}"
"474","[""person""]","{""id"":474,""labels"":[""person""],""properties"":{""notes"":"""",""name"":""Annie Jacobsen"",""Label"":""person""}}"
"475","[""organization""]","{""id"":475,""labels"":[""organization""],""properties"":{""end_date"":"""",""notes"":"""",""name"":""KLAS"",""Label"":""organization"",""start_date"":""""}}"
"479","[""date""]","{""id"":479,""labels"":[""date""],""properties"":{""notes"":"""",""name"":""1978"",""Label"":""date""}}"
"480","[""organization""]","{""id"":480,""labels"":[""organization""],""properties"":{""end_date"":"""",""notes"":"""",""name"":""US Army"",""Label"":""organization"",""start_date"":""""}}"
"481","[""program""]","{""id"":481,""labels"":[""program""],""properties"":{""end_date"":"""",""notes"":"""",""Label"":""program"",""name"":""Armys remote viewing program"",""start_date"":""1978""}}"
"482","[""organization""]","{""id"":482,""labels"":[""organization""],""properties"":{""end_date"":"""",""notes"":""Primary organization behind the Center Lane project, responsible for directing and funding the research."",""name"":""Army Medical Research and Development Command"",""Label"":""organization"",""start_date"":""""}}"
"483","[""program""]","{""id"":483,""labels"":[""program""],""properties"":{""end_date"":"""",""notes"":"""",""Label"":""program"",""name"":""INSCOM CENTER LANE Project"",""start_date"":""""}}"
"484","[""date""]","{""id"":484,""labels"":[""date""],""properties"":{""notes"":"""",""name"":""1993"",""Label"":""date""}}"
"486","[""date""]","{""id"":486,""labels"":[""date""],""properties"":{""notes"":"""",""name"":""2016"",""Label"":""date""}}"
"487","[""organization""]","{""id"":487,""labels"":[""organization""],""properties"":{""end_date"":"""",""notes"":"""",""Label"":""organization"",""name"":""Army Science Board"",""start_date"":""""}}"
"489","[""date""]","{""id"":489,""labels"":[""date""],""properties"":{""notes"":"""",""name"":""2007"",""Label"":""date""}}"
"492","[""person""]","{""id"":492,""labels"":[""person""],""properties"":{""notes"":"""",""name"":""Jacques Vallee"",""Label"":""person""}}"
"493","[""person""]","{""id"":493,""labels"":[""person""],""properties"":{""notes"":"""",""Label"":""person"",""name"":""Gideon LewisKraus""}}"
"494","[""publication""]","{""id"":494,""labels"":[""publication""],""properties"":{""notes"":"""",""name"":""The New Yorker"",""Label"":""publication""}}"
"495","[""person""]","{""id"":495,""labels"":[""person""],""properties"":{""notes"":"""",""name"":""Harry Reid"",""Label"":""person""}}"
"496","[""position""]","{""id"":496,""labels"":[""position""],""properties"":{""notes"":"""",""name"":""Senator"",""Label"":""position""}}"
"497","[""program""]","{""id"":497,""labels"":[""program""],""properties"":{""end_date"":"""",""notes"":"""",""name"":""SAP"",""Label"":""program"",""start_date"":""""}}"
"498","[""program""]","{""id"":498,""labels"":[""program""],""properties"":{""end_date"":"""",""notes"":"""",""name"":""UAPTF"",""Label"":""program"",""start_date"":""""}}"
"501","[""event""]","{""id"":501,""labels"":[""event""],""properties"":{""notes"":""Wilson's meeting with Greer et. al"",""name"":""April 1997 Pentagon Meeting""}}"
"503","[""organization""]","{""id"":503,""labels"":[""organization""],""properties"":{""end_date"":"""",""notes"":"""",""name"":""Association of Former Intelligence Officers AFIO"",""Label"":""organization"",""start_date"":""""}}"
"504","[""place""]","{""id"":504,""labels"":[""place""],""properties"":{""notes"":"""",""Label"":""place"",""name"":""Y12 National Security Complex""}}"
"505","[""place""]","{""id"":505,""labels"":[""place""],""properties"":{""notes"":"""",""name"":""Oak Ridge, TN"",""Label"":""place""}}"
"506","[""organization""]","{""id"":506,""labels"":[""organization""],""properties"":{""end_date"":"""",""notes"":"""",""Label"":""organization"",""name"":""Pantex plant"",""start_date"":""""}}"
"507","[""place""]","{""id"":507,""labels"":[""place""],""properties"":{""notes"":"""",""name"":""Amarillo"",""Label"":""place""}}"
"508","[""person""]","{""id"":508,""labels"":[""person""],""properties"":{""notes"":"""",""Label"":""person"",""name"":""Richard L. Cohn""}}"
"509","[""person""]","{""id"":509,""labels"":[""person""],""properties"":{""notes"":"""",""name"":""Rich Tighe"",""Label"":""person""}}"
"511","[""event""]","{""id"":511,""labels"":[""event""],""properties"":{""notes"":"""",""name"":""2009 Spies of the Valley"",""Label"":""event""}}"
"513","[""person""]","{""id"":513,""labels"":[""person""],""properties"":{""notes"":"""",""Label"":""person"",""name"":""Douglas Fremont""}}"
"514","[""person""]","{""id"":514,""labels"":[""person""],""properties"":{""notes"":"""",""name"":""Douglas Cotter"",""Label"":""person""}}"
"515","[""person""]","{""id"":515,""labels"":[""person""],""properties"":{""notes"":"""",""name"":""John A. Price"",""Label"":""person""}}"
"516","[""technology""]","{""id"":516,""labels"":[""technology""],""properties"":{""notes"":"""",""Label"":""technology"",""name"":""Space Nuclear Detonation Detection""}}"
"517","[""person""]","{""id"":517,""labels"":[""person""],""properties"":{""notes"":"""",""name"":""Jill Hruby"",""Label"":""person""}}"
"518","[""position""]","{""id"":518,""labels"":[""position""],""properties"":{""notes"":"""",""Label"":""position"",""name"":""NNSA administrator""}}"
"519","[""organization""]","{""id"":519,""labels"":[""organization""],""properties"":{""end_date"":"""",""notes"":"""",""name"":""National Photographic Interpretation Center"",""Label"":""organization"",""start_date"":""""}}"
"520","[""person""]","{""id"":520,""labels"":[""person""],""properties"":{""notes"":"""",""name"":""Dick DAmato"",""Label"":""person""}}"
"521","[""date""]","{""id"":521,""labels"":[""date""],""properties"":{""notes"":"""",""name"":""18 June 1990"",""Label"":""date""}}"
"522","[""organization""]","{""id"":522,""labels"":[""organization""],""properties"":{""end_date"":"""",""notes"":"""",""Label"":""organization"",""name"":""Senate Appropriations Committee"",""start_date"":""""}}"
"523","[""publication""]","{""id"":523,""labels"":[""publication""],""properties"":{""notes"":"""",""Label"":""publication"",""name"":""The Spring Hill Chronicles""}}"
"525","[""organization""]","{""id"":525,""labels"":[""organization""],""properties"":{""end_date"":"""",""notes"":""INSCOM is a command of the United States Army responsible for intelligence, security, and information operations. Its duties include counterintelligence, psychological operations, electronic warfare, and other intelligence-related activities"",""name"":""INSCOM"",""Label"":""organization"",""start_date"":""""}}"
"526","[""person""]","{""id"":526,""labels"":[""person""],""properties"":{""notes"":"""",""Label"":""person"",""name"":""MG Garrison Rapmund""}}"
"527","[""organization""]","{""id"":527,""labels"":[""organization""],""properties"":{""end_date"":"""",""name"":""Army Materiel Command (AMC)"",""start_date"":""""}}"
"528","[""publication""]","{""id"":528,""labels"":[""publication""],""properties"":{""notes"":"""",""Label"":""publication"",""name"":""J Ed Dames Lectures""}}"
